INSERT INTO public.fields(id, pos, name, required, types_id) VALUES (1, 1, 'longitude', 'FALSE', 7);
INSERT INTO public.fields(id, pos, name, required, types_id) VALUES (2, 2, 'latitude', 'FALSE', 7);
INSERT INTO public.fields(id, pos, name, required, types_id) VALUES (3, 3, 'name', 'TRUE', 1);
INSERT INTO public.fields(id, pos, name, required, types_id) VALUES (4, 4, 'name_en', 'TRUE', 1);
INSERT INTO public.fields(id, pos, name, required, types_id) VALUES (5, 5, 'name_fr', 'TRUE', 1);
INSERT INTO public.fields(id, pos, name, required, types_id) VALUES (6, 6, 'name_es', 'TRUE', 1);
INSERT INTO public.fields(id, pos, name, required, types_id) VALUES (7, 7, 'name_de', 'TRUE', 1);
INSERT INTO public.fields(id, pos, name, required, types_id) VALUES (8, 8, 'name_it', 'TRUE', 1);
INSERT INTO public.fields(id, pos, name, required, types_id) VALUES (9, 9, 'visit_time_min', 'TRUE', 2);
INSERT INTO public.fields(id, pos, name, required, types_id) VALUES (10, 10, 'visit_time_max', 'TRUE', 2);
INSERT INTO public.fields(id, pos, name, required, types_id) VALUES (11, 11, 'price_min', 'TRUE', 7);
INSERT INTO public.fields(id, pos, name, required, types_id) VALUES (12, 12, 'price_max', 'TRUE', 7);
INSERT INTO public.fields(id, pos, name, required, types_id) VALUES (14, 14, 'street', 'TRUE', 1);
INSERT INTO public.fields(id, pos, name, required, types_id) VALUES (15, 15, 'postal_code', 'TRUE', 8);
INSERT INTO public.fields(id, pos, name, required, types_id) VALUES (16, 16, 'phone', 'TRUE', 8);
INSERT INTO public.fields(id, pos, name, required, types_id) VALUES (17, 17, 'mail', 'TRUE', 1);
INSERT INTO public.fields(id, pos, name, required, types_id) VALUES (18, 18, 'website', 'TRUE', 1);
INSERT INTO public.fields(id, pos, name, required, types_id) VALUES (19, 19, 'resa_link', 'TRUE', 1);
INSERT INTO public.fields(id, pos, name, required, types_id) VALUES (20, 20, 'url_img1', 'TRUE', 6);
INSERT INTO public.fields(id, pos, name, required, types_id) VALUES (21, 21, 'url_img2', 'TRUE', 6);
INSERT INTO public.fields(id, pos, name, required, types_id) VALUES (22, 22, 'desc', 'TRUE', 9);
INSERT INTO public.fields(id, pos, name, required, types_id) VALUES (23, 23, 'desc_en', 'TRUE', 9);
INSERT INTO public.fields(id, pos, name, required, types_id) VALUES (24, 24, 'desc_fr', 'TRUE', 9);
INSERT INTO public.fields(id, pos, name, required, types_id) VALUES (25, 25, 'desc_es', 'TRUE', 9);
INSERT INTO public.fields(id, pos, name, required, types_id) VALUES (26, 26, 'desc_de', 'TRUE', 9);
INSERT INTO public.fields(id, pos, name, required, types_id) VALUES (27, 27, 'desc_it', 'TRUE', 9);
INSERT INTO public.fields(id, pos, name, required, types_id) VALUES (28, 28, 'withchild', 'TRUE', 5);
INSERT INTO public.pois(id, tour_id, typespois_id) VALUES (1, '1', '1' );
INSERT INTO public.values(id, value, createddate, users_id) VALUES (1, '{"longitude":"5.39080135635133"}',  '01/01/2014' , 1 );
INSERT INTO public.contributions(version, status, idfield, idvalue, idpoi) VALUES (1,'in progress', 1, 1, 1);
INSERT INTO public.values(id, value, createddate, users_id) VALUES (2, '{"latitude":"43.2839011618749"}',  '01/01/2014' , 1 );
INSERT INTO public.contributions(version, status, idfield, idvalue, idpoi) VALUES (1,'in progress', 2, 2, 1);
INSERT INTO public.values(id, value, createddate, users_id) VALUES (3, '{"name":"Jardin de Corinthe"}',  '01/01/2014' , 1 );
INSERT INTO public.contributions(version, status, idfield, idvalue, idpoi) VALUES (1,'in progress', 3, 3, 1);
INSERT INTO public.values(id, value, createddate, users_id) VALUES (4, '{"visit_time_min":"20"}',  '01/01/2014' , 1 );
INSERT INTO public.contributions(version, status, idfield, idvalue, idpoi) VALUES (1,'in progress', 9, 4, 1);
INSERT INTO public.values(id, value, createddate, users_id) VALUES (5, '{"visit_time_max":"60"}',  '01/01/2014' , 1 );
INSERT INTO public.contributions(version, status, idfield, idvalue, idpoi) VALUES (1,'in progress', 10, 5, 1);
INSERT INTO public.values(id, value, createddate, users_id) VALUES (6, '{"street":"Avenue de Corinthe"}',  '01/01/2014' , 1 );
INSERT INTO public.contributions(version, status, idfield, idvalue, idpoi) VALUES (1,'in progress', 14, 6, 1);
INSERT INTO public.values(id, value, createddate, users_id) VALUES (7, '{"postal_code":"13006"}',  '01/01/2014' , 1 );
INSERT INTO public.contributions(version, status, idfield, idvalue, idpoi) VALUES (1,'in progress', 15, 7, 1);
INSERT INTO public.values(id, value, createddate, users_id) VALUES (8, '{"desc":"Jardins"}',  '01/01/2014' , 1 );
INSERT INTO public.contributions(version, status, idfield, idvalue, idpoi) VALUES (1,'in progress', 22, 8, 1);
INSERT INTO public.values(id, value, createddate, users_id) VALUES (9, '{"withchild":"1"}',  '01/01/2014' , 1 );
INSERT INTO public.contributions(version, status, idfield, idvalue, idpoi) VALUES (1,'in progress', 28, 9, 1);
INSERT INTO public.pois(id, tour_id, typespois_id) VALUES (2, '2', '1' );
INSERT INTO public.values(id, value, createddate, users_id) VALUES (10, '{"longitude":"5.38350090781478"}',  '01/01/2014' , 1 );
INSERT INTO public.contributions(version, status, idfield, idvalue, idpoi) VALUES (1,'in progress', 1, 10, 2);
INSERT INTO public.values(id, value, createddate, users_id) VALUES (11, '{"latitude":"43.2934222036574"}',  '01/01/2014' , 1 );
INSERT INTO public.contributions(version, status, idfield, idvalue, idpoi) VALUES (1,'in progress', 2, 11, 2);
INSERT INTO public.values(id, value, createddate, users_id) VALUES (12, '{"name":"Pablo Casals"}',  '01/01/2014' , 1 );
INSERT INTO public.contributions(version, status, idfield, idvalue, idpoi) VALUES (1,'in progress', 3, 12, 2);
INSERT INTO public.values(id, value, createddate, users_id) VALUES (13, '{"visit_time_min":"20"}',  '01/01/2014' , 1 );
INSERT INTO public.contributions(version, status, idfield, idvalue, idpoi) VALUES (1,'in progress', 9, 13, 2);
INSERT INTO public.values(id, value, createddate, users_id) VALUES (14, '{"visit_time_max":"60"}',  '01/01/2014' , 1 );
INSERT INTO public.contributions(version, status, idfield, idvalue, idpoi) VALUES (1,'in progress', 10, 14, 2);
INSERT INTO public.values(id, value, createddate, users_id) VALUES (15, '{"street":"Cours Julien"}',  '01/01/2014' , 1 );
INSERT INTO public.contributions(version, status, idfield, idvalue, idpoi) VALUES (1,'in progress', 14, 15, 2);
INSERT INTO public.values(id, value, createddate, users_id) VALUES (16, '{"postal_code":"13006"}',  '01/01/2014' , 1 );
INSERT INTO public.contributions(version, status, idfield, idvalue, idpoi) VALUES (1,'in progress', 15, 16, 2);
INSERT INTO public.values(id, value, createddate, users_id) VALUES (17, '{"desc":"Jardins"}',  '01/01/2014' , 1 );
INSERT INTO public.contributions(version, status, idfield, idvalue, idpoi) VALUES (1,'in progress', 22, 17, 2);
INSERT INTO public.values(id, value, createddate, users_id) VALUES (18, '{"withchild":"1"}',  '01/01/2014' , 1 );
INSERT INTO public.contributions(version, status, idfield, idvalue, idpoi) VALUES (1,'in progress', 28, 18, 2);
INSERT INTO public.pois(id, tour_id, typespois_id) VALUES (3, '3', '1' );
INSERT INTO public.values(id, value, createddate, users_id) VALUES (19, '{"longitude":"5.39645905606964"}',  '01/01/2014' , 1 );
INSERT INTO public.contributions(version, status, idfield, idvalue, idpoi) VALUES (1,'in progress', 1, 19, 3);
INSERT INTO public.values(id, value, createddate, users_id) VALUES (20, '{"latitude":"43.2754827334116"}',  '01/01/2014' , 1 );
INSERT INTO public.contributions(version, status, idfield, idvalue, idpoi) VALUES (1,'in progress', 2, 20, 3);
INSERT INTO public.values(id, value, createddate, users_id) VALUES (21, '{"name":"Square Raymond Teisseire"}',  '01/01/2014' , 1 );
INSERT INTO public.contributions(version, status, idfield, idvalue, idpoi) VALUES (1,'in progress', 3, 21, 3);
INSERT INTO public.values(id, value, createddate, users_id) VALUES (22, '{"visit_time_min":"20"}',  '01/01/2014' , 1 );
INSERT INTO public.contributions(version, status, idfield, idvalue, idpoi) VALUES (1,'in progress', 9, 22, 3);
INSERT INTO public.values(id, value, createddate, users_id) VALUES (23, '{"visit_time_max":"60"}',  '01/01/2014' , 1 );
INSERT INTO public.contributions(version, status, idfield, idvalue, idpoi) VALUES (1,'in progress', 10, 23, 3);
INSERT INTO public.values(id, value, createddate, users_id) VALUES (24, '{"street":"Rue Raymond Teisseire"}',  '01/01/2014' , 1 );
INSERT INTO public.contributions(version, status, idfield, idvalue, idpoi) VALUES (1,'in progress', 14, 24, 3);
INSERT INTO public.values(id, value, createddate, users_id) VALUES (25, '{"postal_code":"13008"}',  '01/01/2014' , 1 );
INSERT INTO public.contributions(version, status, idfield, idvalue, idpoi) VALUES (1,'in progress', 15, 25, 3);
INSERT INTO public.values(id, value, createddate, users_id) VALUES (26, '{"desc":"Jardins"}',  '01/01/2014' , 1 );
INSERT INTO public.contributions(version, status, idfield, idvalue, idpoi) VALUES (1,'in progress', 22, 26, 3);
INSERT INTO public.values(id, value, createddate, users_id) VALUES (27, '{"withchild":"1"}',  '01/01/2014' , 1 );
INSERT INTO public.contributions(version, status, idfield, idvalue, idpoi) VALUES (1,'in progress', 28, 27, 3);
INSERT INTO public.pois(id, tour_id, typespois_id) VALUES (4, '4', '1' );
INSERT INTO public.values(id, value, createddate, users_id) VALUES (28, '{"longitude":"5.35282596163265"}',  '01/01/2014' , 1 );
INSERT INTO public.contributions(version, status, idfield, idvalue, idpoi) VALUES (1,'in progress', 1, 28, 4);
INSERT INTO public.values(id, value, createddate, users_id) VALUES (29, '{"latitude":"43.2868993735963"}',  '01/01/2014' , 1 );
INSERT INTO public.contributions(version, status, idfield, idvalue, idpoi) VALUES (1,'in progress', 2, 29, 4);
INSERT INTO public.values(id, value, createddate, users_id) VALUES (30, '{"name":"Jardin de B\u00e9nedetti"}',  '01/01/2014' , 1 );
INSERT INTO public.contributions(version, status, idfield, idvalue, idpoi) VALUES (1,'in progress', 3, 30, 4);
INSERT INTO public.values(id, value, createddate, users_id) VALUES (31, '{"visit_time_min":"20"}',  '01/01/2014' , 1 );
INSERT INTO public.contributions(version, status, idfield, idvalue, idpoi) VALUES (1,'in progress', 9, 31, 4);
INSERT INTO public.values(id, value, createddate, users_id) VALUES (32, '{"visit_time_max":"60"}',  '01/01/2014' , 1 );
INSERT INTO public.contributions(version, status, idfield, idvalue, idpoi) VALUES (1,'in progress', 10, 32, 4);
INSERT INTO public.values(id, value, createddate, users_id) VALUES (33, '{"street":"Boulevard de la Rade"}',  '01/01/2014' , 1 );
INSERT INTO public.contributions(version, status, idfield, idvalue, idpoi) VALUES (1,'in progress', 14, 33, 4);
INSERT INTO public.values(id, value, createddate, users_id) VALUES (34, '{"postal_code":"13007"}',  '01/01/2014' , 1 );
INSERT INTO public.contributions(version, status, idfield, idvalue, idpoi) VALUES (1,'in progress', 15, 34, 4);
INSERT INTO public.values(id, value, createddate, users_id) VALUES (35, '{"desc":"Jardins"}',  '01/01/2014' , 1 );
INSERT INTO public.contributions(version, status, idfield, idvalue, idpoi) VALUES (1,'in progress', 22, 35, 4);
INSERT INTO public.values(id, value, createddate, users_id) VALUES (36, '{"withchild":"1"}',  '01/01/2014' , 1 );
INSERT INTO public.contributions(version, status, idfield, idvalue, idpoi) VALUES (1,'in progress', 28, 36, 4);
INSERT INTO public.pois(id, tour_id, typespois_id) VALUES (5, '5', '1' );
INSERT INTO public.values(id, value, createddate, users_id) VALUES (37, '{"longitude":"5.37473900379804"}',  '01/01/2014' , 1 );
INSERT INTO public.contributions(version, status, idfield, idvalue, idpoi) VALUES (1,'in progress', 1, 37, 5);
INSERT INTO public.values(id, value, createddate, users_id) VALUES (38, '{"latitude":"43.2776858615237"}',  '01/01/2014' , 1 );
INSERT INTO public.contributions(version, status, idfield, idvalue, idpoi) VALUES (1,'in progress', 2, 38, 5);
INSERT INTO public.values(id, value, createddate, users_id) VALUES (39, '{"name":"Jardin Perier"}',  '01/01/2014' , 1 );
INSERT INTO public.contributions(version, status, idfield, idvalue, idpoi) VALUES (1,'in progress', 3, 39, 5);
INSERT INTO public.values(id, value, createddate, users_id) VALUES (40, '{"visit_time_min":"20"}',  '01/01/2014' , 1 );
INSERT INTO public.contributions(version, status, idfield, idvalue, idpoi) VALUES (1,'in progress', 9, 40, 5);
INSERT INTO public.values(id, value, createddate, users_id) VALUES (41, '{"visit_time_max":"60"}',  '01/01/2014' , 1 );
INSERT INTO public.contributions(version, status, idfield, idvalue, idpoi) VALUES (1,'in progress', 10, 41, 5);
INSERT INTO public.values(id, value, createddate, users_id) VALUES (42, '{"street":"Boulevard Perier"}',  '01/01/2014' , 1 );
INSERT INTO public.contributions(version, status, idfield, idvalue, idpoi) VALUES (1,'in progress', 14, 42, 5);
INSERT INTO public.values(id, value, createddate, users_id) VALUES (43, '{"postal_code":"13008"}',  '01/01/2014' , 1 );
INSERT INTO public.contributions(version, status, idfield, idvalue, idpoi) VALUES (1,'in progress', 15, 43, 5);
INSERT INTO public.values(id, value, createddate, users_id) VALUES (44, '{"desc":"Jardins"}',  '01/01/2014' , 1 );
INSERT INTO public.contributions(version, status, idfield, idvalue, idpoi) VALUES (1,'in progress', 22, 44, 5);
INSERT INTO public.values(id, value, createddate, users_id) VALUES (45, '{"withchild":"1"}',  '01/01/2014' , 1 );
INSERT INTO public.contributions(version, status, idfield, idvalue, idpoi) VALUES (1,'in progress', 28, 45, 5);
INSERT INTO public.pois(id, tour_id, typespois_id) VALUES (6, '6', '1' );
INSERT INTO public.values(id, value, createddate, users_id) VALUES (46, '{"longitude":"5.46795999168269"}',  '01/01/2014' , 1 );
INSERT INTO public.contributions(version, status, idfield, idvalue, idpoi) VALUES (1,'in progress', 1, 46, 6);
INSERT INTO public.values(id, value, createddate, users_id) VALUES (47, '{"latitude":"43.286187877396"}',  '01/01/2014' , 1 );
INSERT INTO public.contributions(version, status, idfield, idvalue, idpoi) VALUES (1,'in progress', 2, 47, 6);
INSERT INTO public.values(id, value, createddate, users_id) VALUES (48, '{"name":"Jardin de Saint Marcel"}',  '01/01/2014' , 1 );
INSERT INTO public.contributions(version, status, idfield, idvalue, idpoi) VALUES (1,'in progress', 3, 48, 6);
INSERT INTO public.values(id, value, createddate, users_id) VALUES (49, '{"visit_time_min":"20"}',  '01/01/2014' , 1 );
INSERT INTO public.contributions(version, status, idfield, idvalue, idpoi) VALUES (1,'in progress', 9, 49, 6);
INSERT INTO public.values(id, value, createddate, users_id) VALUES (50, '{"visit_time_max":"60"}',  '01/01/2014' , 1 );
INSERT INTO public.contributions(version, status, idfield, idvalue, idpoi) VALUES (1,'in progress', 10, 50, 6);
INSERT INTO public.values(id, value, createddate, users_id) VALUES (51, '{"street":"Boulevard de Saint Marcel"}',  '01/01/2014' , 1 );
INSERT INTO public.contributions(version, status, idfield, idvalue, idpoi) VALUES (1,'in progress', 14, 51, 6);
INSERT INTO public.values(id, value, createddate, users_id) VALUES (52, '{"postal_code":"13011"}',  '01/01/2014' , 1 );
INSERT INTO public.contributions(version, status, idfield, idvalue, idpoi) VALUES (1,'in progress', 15, 52, 6);
INSERT INTO public.values(id, value, createddate, users_id) VALUES (53, '{"desc":"Jardins"}',  '01/01/2014' , 1 );
INSERT INTO public.contributions(version, status, idfield, idvalue, idpoi) VALUES (1,'in progress', 22, 53, 6);
INSERT INTO public.values(id, value, createddate, users_id) VALUES (54, '{"withchild":"1"}',  '01/01/2014' , 1 );
INSERT INTO public.contributions(version, status, idfield, idvalue, idpoi) VALUES (1,'in progress', 28, 54, 6);
INSERT INTO public.pois(id, tour_id, typespois_id) VALUES (7, '7', '1' );
INSERT INTO public.values(id, value, createddate, users_id) VALUES (55, '{"longitude":"5.36327844207893"}',  '01/01/2014' , 1 );
INSERT INTO public.contributions(version, status, idfield, idvalue, idpoi) VALUES (1,'in progress', 1, 55, 7);
INSERT INTO public.values(id, value, createddate, users_id) VALUES (56, '{"latitude":"43.3680858287123"}',  '01/01/2014' , 1 );
INSERT INTO public.contributions(version, status, idfield, idvalue, idpoi) VALUES (1,'in progress', 2, 56, 7);
INSERT INTO public.values(id, value, createddate, users_id) VALUES (57, '{"name":"Jardin du Vallon des Tuves"}',  '01/01/2014' , 1 );
INSERT INTO public.contributions(version, status, idfield, idvalue, idpoi) VALUES (1,'in progress', 3, 57, 7);
INSERT INTO public.values(id, value, createddate, users_id) VALUES (58, '{"visit_time_min":"20"}',  '01/01/2014' , 1 );
INSERT INTO public.contributions(version, status, idfield, idvalue, idpoi) VALUES (1,'in progress', 9, 58, 7);
INSERT INTO public.values(id, value, createddate, users_id) VALUES (59, '{"visit_time_max":"60"}',  '01/01/2014' , 1 );
INSERT INTO public.contributions(version, status, idfield, idvalue, idpoi) VALUES (1,'in progress', 10, 59, 7);
INSERT INTO public.values(id, value, createddate, users_id) VALUES (60, '{"street":"Boulevard du Bosphore"}',  '01/01/2014' , 1 );
INSERT INTO public.contributions(version, status, idfield, idvalue, idpoi) VALUES (1,'in progress', 14, 60, 7);
INSERT INTO public.values(id, value, createddate, users_id) VALUES (61, '{"postal_code":"13015"}',  '01/01/2014' , 1 );
INSERT INTO public.contributions(version, status, idfield, idvalue, idpoi) VALUES (1,'in progress', 15, 61, 7);
INSERT INTO public.values(id, value, createddate, users_id) VALUES (62, '{"desc":"Jardins"}',  '01/01/2014' , 1 );
INSERT INTO public.contributions(version, status, idfield, idvalue, idpoi) VALUES (1,'in progress', 22, 62, 7);
INSERT INTO public.values(id, value, createddate, users_id) VALUES (63, '{"withchild":"1"}',  '01/01/2014' , 1 );
INSERT INTO public.contributions(version, status, idfield, idvalue, idpoi) VALUES (1,'in progress', 28, 63, 7);
INSERT INTO public.pois(id, tour_id, typespois_id) VALUES (8, '8', '1' );
INSERT INTO public.values(id, value, createddate, users_id) VALUES (64, '{"longitude":"5.353858676019"}',  '01/01/2014' , 1 );
INSERT INTO public.contributions(version, status, idfield, idvalue, idpoi) VALUES (1,'in progress', 1, 64, 8);
INSERT INTO public.values(id, value, createddate, users_id) VALUES (65, '{"latitude":"43.3729037598289"}',  '01/01/2014' , 1 );
INSERT INTO public.contributions(version, status, idfield, idvalue, idpoi) VALUES (1,'in progress', 2, 65, 8);
INSERT INTO public.values(id, value, createddate, users_id) VALUES (66, '{"name":"Jardin Pigala"}',  '01/01/2014' , 1 );
INSERT INTO public.contributions(version, status, idfield, idvalue, idpoi) VALUES (1,'in progress', 3, 66, 8);
INSERT INTO public.values(id, value, createddate, users_id) VALUES (67, '{"visit_time_min":"20"}',  '01/01/2014' , 1 );
INSERT INTO public.contributions(version, status, idfield, idvalue, idpoi) VALUES (1,'in progress', 9, 67, 8);
INSERT INTO public.values(id, value, createddate, users_id) VALUES (68, '{"visit_time_max":"60"}',  '01/01/2014' , 1 );
INSERT INTO public.contributions(version, status, idfield, idvalue, idpoi) VALUES (1,'in progress', 10, 68, 8);
INSERT INTO public.values(id, value, createddate, users_id) VALUES (69, '{"street":"Impasse Pigala"}',  '01/01/2014' , 1 );
INSERT INTO public.contributions(version, status, idfield, idvalue, idpoi) VALUES (1,'in progress', 14, 69, 8);
INSERT INTO public.values(id, value, createddate, users_id) VALUES (70, '{"postal_code":"13015"}',  '01/01/2014' , 1 );
INSERT INTO public.contributions(version, status, idfield, idvalue, idpoi) VALUES (1,'in progress', 15, 70, 8);
INSERT INTO public.values(id, value, createddate, users_id) VALUES (71, '{"desc":"Jardins"}',  '01/01/2014' , 1 );
INSERT INTO public.contributions(version, status, idfield, idvalue, idpoi) VALUES (1,'in progress', 22, 71, 8);
INSERT INTO public.values(id, value, createddate, users_id) VALUES (72, '{"withchild":"1"}',  '01/01/2014' , 1 );
INSERT INTO public.contributions(version, status, idfield, idvalue, idpoi) VALUES (1,'in progress', 28, 72, 8);
INSERT INTO public.pois(id, tour_id, typespois_id) VALUES (9, '9', '1' );
INSERT INTO public.values(id, value, createddate, users_id) VALUES (73, '{"longitude":"5.39961066554789"}',  '01/01/2014' , 1 );
INSERT INTO public.contributions(version, status, idfield, idvalue, idpoi) VALUES (1,'in progress', 1, 73, 9);
INSERT INTO public.values(id, value, createddate, users_id) VALUES (74, '{"latitude":"43.2924938495599"}',  '01/01/2014' , 1 );
INSERT INTO public.contributions(version, status, idfield, idvalue, idpoi) VALUES (1,'in progress', 2, 74, 9);
INSERT INTO public.values(id, value, createddate, users_id) VALUES (75, '{"name":"Jardin Fraissinet"}',  '01/01/2014' , 1 );
INSERT INTO public.contributions(version, status, idfield, idvalue, idpoi) VALUES (1,'in progress', 3, 75, 9);
INSERT INTO public.values(id, value, createddate, users_id) VALUES (76, '{"visit_time_min":"20"}',  '01/01/2014' , 1 );
INSERT INTO public.contributions(version, status, idfield, idvalue, idpoi) VALUES (1,'in progress', 9, 76, 9);
INSERT INTO public.values(id, value, createddate, users_id) VALUES (77, '{"visit_time_max":"60"}',  '01/01/2014' , 1 );
INSERT INTO public.contributions(version, status, idfield, idvalue, idpoi) VALUES (1,'in progress', 10, 77, 9);
INSERT INTO public.values(id, value, createddate, users_id) VALUES (78, '{"street":"Rue Saint Pierre"}',  '01/01/2014' , 1 );
INSERT INTO public.contributions(version, status, idfield, idvalue, idpoi) VALUES (1,'in progress', 14, 78, 9);
INSERT INTO public.values(id, value, createddate, users_id) VALUES (79, '{"postal_code":"13005"}',  '01/01/2014' , 1 );
INSERT INTO public.contributions(version, status, idfield, idvalue, idpoi) VALUES (1,'in progress', 15, 79, 9);
INSERT INTO public.values(id, value, createddate, users_id) VALUES (80, '{"desc":"Jardins"}',  '01/01/2014' , 1 );
INSERT INTO public.contributions(version, status, idfield, idvalue, idpoi) VALUES (1,'in progress', 22, 80, 9);
INSERT INTO public.values(id, value, createddate, users_id) VALUES (81, '{"withchild":"1"}',  '01/01/2014' , 1 );
INSERT INTO public.contributions(version, status, idfield, idvalue, idpoi) VALUES (1,'in progress', 28, 81, 9);
INSERT INTO public.pois(id, tour_id, typespois_id) VALUES (10, '10', '1' );
INSERT INTO public.values(id, value, createddate, users_id) VALUES (82, '{"longitude":"5.43552712619015"}',  '01/01/2014' , 1 );
INSERT INTO public.contributions(version, status, idfield, idvalue, idpoi) VALUES (1,'in progress', 1, 82, 10);
INSERT INTO public.values(id, value, createddate, users_id) VALUES (83, '{"latitude":"43.3343661815948"}',  '01/01/2014' , 1 );
INSERT INTO public.contributions(version, status, idfield, idvalue, idpoi) VALUES (1,'in progress', 2, 83, 10);
INSERT INTO public.values(id, value, createddate, users_id) VALUES (84, '{"name":"Parc Val Plan"}',  '01/01/2014' , 1 );
INSERT INTO public.contributions(version, status, idfield, idvalue, idpoi) VALUES (1,'in progress', 3, 84, 10);
INSERT INTO public.values(id, value, createddate, users_id) VALUES (85, '{"visit_time_min":"20"}',  '01/01/2014' , 1 );
INSERT INTO public.contributions(version, status, idfield, idvalue, idpoi) VALUES (1,'in progress', 9, 85, 10);
INSERT INTO public.values(id, value, createddate, users_id) VALUES (86, '{"visit_time_max":"60"}',  '01/01/2014' , 1 );
INSERT INTO public.contributions(version, status, idfield, idvalue, idpoi) VALUES (1,'in progress', 10, 86, 10);
INSERT INTO public.values(id, value, createddate, users_id) VALUES (87, '{"street":"Rue L\u00e9on d\u0027Astros"}',  '01/01/2014' , 1 );
INSERT INTO public.contributions(version, status, idfield, idvalue, idpoi) VALUES (1,'in progress', 14, 87, 10);
INSERT INTO public.values(id, value, createddate, users_id) VALUES (88, '{"postal_code":"13013"}',  '01/01/2014' , 1 );
INSERT INTO public.contributions(version, status, idfield, idvalue, idpoi) VALUES (1,'in progress', 15, 88, 10);
INSERT INTO public.values(id, value, createddate, users_id) VALUES (89, '{"desc":"Jardins"}',  '01/01/2014' , 1 );
INSERT INTO public.contributions(version, status, idfield, idvalue, idpoi) VALUES (1,'in progress', 22, 89, 10);
INSERT INTO public.values(id, value, createddate, users_id) VALUES (90, '{"withchild":"1"}',  '01/01/2014' , 1 );
INSERT INTO public.contributions(version, status, idfield, idvalue, idpoi) VALUES (1,'in progress', 28, 90, 10);
INSERT INTO public.pois(id, tour_id, typespois_id) VALUES (11, '11', '1' );
INSERT INTO public.values(id, value, createddate, users_id) VALUES (91, '{"longitude":"5.41122246738705"}',  '01/01/2014' , 1 );
INSERT INTO public.contributions(version, status, idfield, idvalue, idpoi) VALUES (1,'in progress', 1, 91, 11);
INSERT INTO public.values(id, value, createddate, users_id) VALUES (92, '{"latitude":"43.2832795796457"}',  '01/01/2014' , 1 );
INSERT INTO public.contributions(version, status, idfield, idvalue, idpoi) VALUES (1,'in progress', 2, 92, 11);
INSERT INTO public.values(id, value, createddate, users_id) VALUES (93, '{"name":"Jardin Mireille Lauze"}',  '01/01/2014' , 1 );
INSERT INTO public.contributions(version, status, idfield, idvalue, idpoi) VALUES (1,'in progress', 3, 93, 11);
INSERT INTO public.values(id, value, createddate, users_id) VALUES (94, '{"visit_time_min":"20"}',  '01/01/2014' , 1 );
INSERT INTO public.contributions(version, status, idfield, idvalue, idpoi) VALUES (1,'in progress', 9, 94, 11);
INSERT INTO public.values(id, value, createddate, users_id) VALUES (95, '{"visit_time_max":"60"}',  '01/01/2014' , 1 );
INSERT INTO public.contributions(version, status, idfield, idvalue, idpoi) VALUES (1,'in progress', 10, 95, 11);
INSERT INTO public.values(id, value, createddate, users_id) VALUES (96, '{"street":"Boulevard Mireille Lauze"}',  '01/01/2014' , 1 );
INSERT INTO public.contributions(version, status, idfield, idvalue, idpoi) VALUES (1,'in progress', 14, 96, 11);
INSERT INTO public.values(id, value, createddate, users_id) VALUES (97, '{"postal_code":"13010"}',  '01/01/2014' , 1 );
INSERT INTO public.contributions(version, status, idfield, idvalue, idpoi) VALUES (1,'in progress', 15, 97, 11);
INSERT INTO public.values(id, value, createddate, users_id) VALUES (98, '{"desc":"Jardins"}',  '01/01/2014' , 1 );
INSERT INTO public.contributions(version, status, idfield, idvalue, idpoi) VALUES (1,'in progress', 22, 98, 11);
INSERT INTO public.values(id, value, createddate, users_id) VALUES (99, '{"withchild":"1"}',  '01/01/2014' , 1 );
INSERT INTO public.contributions(version, status, idfield, idvalue, idpoi) VALUES (1,'in progress', 28, 99, 11);
INSERT INTO public.pois(id, tour_id, typespois_id) VALUES (12, '12', '1' );
INSERT INTO public.values(id, value, createddate, users_id) VALUES (100, '{"longitude":"5.39365462227861"}',  '01/01/2014' , 1 );
INSERT INTO public.contributions(version, status, idfield, idvalue, idpoi) VALUES (1,'in progress', 1, 100, 12);
INSERT INTO public.values(id, value, createddate, users_id) VALUES (101, '{"latitude":"43.3046480215993"}',  '01/01/2014' , 1 );
INSERT INTO public.contributions(version, status, idfield, idvalue, idpoi) VALUES (1,'in progress', 2, 101, 12);
INSERT INTO public.values(id, value, createddate, users_id) VALUES (102, '{"name":"Square St\u00e9phan"}',  '01/01/2014' , 1 );
INSERT INTO public.contributions(version, status, idfield, idvalue, idpoi) VALUES (1,'in progress', 3, 102, 12);
INSERT INTO public.values(id, value, createddate, users_id) VALUES (103, '{"visit_time_min":"20"}',  '01/01/2014' , 1 );
INSERT INTO public.contributions(version, status, idfield, idvalue, idpoi) VALUES (1,'in progress', 9, 103, 12);
INSERT INTO public.values(id, value, createddate, users_id) VALUES (104, '{"visit_time_max":"60"}',  '01/01/2014' , 1 );
INSERT INTO public.contributions(version, status, idfield, idvalue, idpoi) VALUES (1,'in progress', 10, 104, 12);
INSERT INTO public.values(id, value, createddate, users_id) VALUES (105, '{"street":"Rue Edouard St\u00e9phan"}',  '01/01/2014' , 1 );
INSERT INTO public.contributions(version, status, idfield, idvalue, idpoi) VALUES (1,'in progress', 14, 105, 12);
INSERT INTO public.values(id, value, createddate, users_id) VALUES (106, '{"postal_code":"13004"}',  '01/01/2014' , 1 );
INSERT INTO public.contributions(version, status, idfield, idvalue, idpoi) VALUES (1,'in progress', 15, 106, 12);
INSERT INTO public.values(id, value, createddate, users_id) VALUES (107, '{"desc":"Jardins"}',  '01/01/2014' , 1 );
INSERT INTO public.contributions(version, status, idfield, idvalue, idpoi) VALUES (1,'in progress', 22, 107, 12);
INSERT INTO public.values(id, value, createddate, users_id) VALUES (108, '{"withchild":"1"}',  '01/01/2014' , 1 );
INSERT INTO public.contributions(version, status, idfield, idvalue, idpoi) VALUES (1,'in progress', 28, 108, 12);
INSERT INTO public.pois(id, tour_id, typespois_id) VALUES (13, '13', '1' );
INSERT INTO public.values(id, value, createddate, users_id) VALUES (109, '{"longitude":"5.30795653312543"}',  '01/01/2014' , 1 );
INSERT INTO public.contributions(version, status, idfield, idvalue, idpoi) VALUES (1,'in progress', 1, 109, 13);
INSERT INTO public.values(id, value, createddate, users_id) VALUES (110, '{"latitude":"43.3626024137508"}',  '01/01/2014' , 1 );
INSERT INTO public.contributions(version, status, idfield, idvalue, idpoi) VALUES (1,'in progress', 2, 110, 13);
INSERT INTO public.values(id, value, createddate, users_id) VALUES (111, '{"name":"Jardin de la Falaise"}',  '01/01/2014' , 1 );
INSERT INTO public.contributions(version, status, idfield, idvalue, idpoi) VALUES (1,'in progress', 3, 111, 13);
INSERT INTO public.values(id, value, createddate, users_id) VALUES (112, '{"visit_time_min":"20"}',  '01/01/2014' , 1 );
INSERT INTO public.contributions(version, status, idfield, idvalue, idpoi) VALUES (1,'in progress', 9, 112, 13);
INSERT INTO public.values(id, value, createddate, users_id) VALUES (113, '{"visit_time_max":"60"}',  '01/01/2014' , 1 );
INSERT INTO public.contributions(version, status, idfield, idvalue, idpoi) VALUES (1,'in progress', 10, 113, 13);
INSERT INTO public.values(id, value, createddate, users_id) VALUES (114, '{"street":"Boulevard Falaise"}',  '01/01/2014' , 1 );
INSERT INTO public.contributions(version, status, idfield, idvalue, idpoi) VALUES (1,'in progress', 14, 114, 13);
INSERT INTO public.values(id, value, createddate, users_id) VALUES (115, '{"postal_code":"13016"}',  '01/01/2014' , 1 );
INSERT INTO public.contributions(version, status, idfield, idvalue, idpoi) VALUES (1,'in progress', 15, 115, 13);
INSERT INTO public.values(id, value, createddate, users_id) VALUES (116, '{"desc":"Jardins"}',  '01/01/2014' , 1 );
INSERT INTO public.contributions(version, status, idfield, idvalue, idpoi) VALUES (1,'in progress', 22, 116, 13);
INSERT INTO public.values(id, value, createddate, users_id) VALUES (117, '{"withchild":"1"}',  '01/01/2014' , 1 );
INSERT INTO public.contributions(version, status, idfield, idvalue, idpoi) VALUES (1,'in progress', 28, 117, 13);
INSERT INTO public.pois(id, tour_id, typespois_id) VALUES (14, '14', '1' );
INSERT INTO public.values(id, value, createddate, users_id) VALUES (118, '{"longitude":"5.38676405106439"}',  '01/01/2014' , 1 );
INSERT INTO public.contributions(version, status, idfield, idvalue, idpoi) VALUES (1,'in progress', 1, 118, 14);
INSERT INTO public.values(id, value, createddate, users_id) VALUES (119, '{"latitude":"43.2877554124749"}',  '01/01/2014' , 1 );
INSERT INTO public.contributions(version, status, idfield, idvalue, idpoi) VALUES (1,'in progress', 2, 119, 14);
INSERT INTO public.values(id, value, createddate, users_id) VALUES (120, '{"name":"Jardin Michel L\u00e9vy"}',  '01/01/2014' , 1 );
INSERT INTO public.contributions(version, status, idfield, idvalue, idpoi) VALUES (1,'in progress', 3, 120, 14);
INSERT INTO public.values(id, value, createddate, users_id) VALUES (121, '{"visit_time_min":"20"}',  '01/01/2014' , 1 );
INSERT INTO public.contributions(version, status, idfield, idvalue, idpoi) VALUES (1,'in progress', 9, 121, 14);
INSERT INTO public.values(id, value, createddate, users_id) VALUES (122, '{"visit_time_max":"60"}',  '01/01/2014' , 1 );
INSERT INTO public.contributions(version, status, idfield, idvalue, idpoi) VALUES (1,'in progress', 10, 122, 14);
INSERT INTO public.values(id, value, createddate, users_id) VALUES (123, '{"street":"Rue Pierre Laurent"}',  '01/01/2014' , 1 );
INSERT INTO public.contributions(version, status, idfield, idvalue, idpoi) VALUES (1,'in progress', 14, 123, 14);
INSERT INTO public.values(id, value, createddate, users_id) VALUES (124, '{"postal_code":"13006"}',  '01/01/2014' , 1 );
INSERT INTO public.contributions(version, status, idfield, idvalue, idpoi) VALUES (1,'in progress', 15, 124, 14);
INSERT INTO public.values(id, value, createddate, users_id) VALUES (125, '{"desc":"Jardins"}',  '01/01/2014' , 1 );
INSERT INTO public.contributions(version, status, idfield, idvalue, idpoi) VALUES (1,'in progress', 22, 125, 14);
INSERT INTO public.values(id, value, createddate, users_id) VALUES (126, '{"withchild":"1"}',  '01/01/2014' , 1 );
INSERT INTO public.contributions(version, status, idfield, idvalue, idpoi) VALUES (1,'in progress', 28, 126, 14);
INSERT INTO public.pois(id, tour_id, typespois_id) VALUES (15, '15', '1' );
INSERT INTO public.values(id, value, createddate, users_id) VALUES (127, '{"longitude":"5.40185816302372"}',  '01/01/2014' , 1 );
INSERT INTO public.contributions(version, status, idfield, idvalue, idpoi) VALUES (1,'in progress', 1, 127, 15);
INSERT INTO public.values(id, value, createddate, users_id) VALUES (128, '{"latitude":"43.2692466613812"}',  '01/01/2014' , 1 );
INSERT INTO public.contributions(version, status, idfield, idvalue, idpoi) VALUES (1,'in progress', 2, 128, 15);
INSERT INTO public.values(id, value, createddate, users_id) VALUES (129, '{"name":"Jardin G\u00e9rald Neveu"}',  '01/01/2014' , 1 );
INSERT INTO public.contributions(version, status, idfield, idvalue, idpoi) VALUES (1,'in progress', 3, 129, 15);
INSERT INTO public.values(id, value, createddate, users_id) VALUES (130, '{"visit_time_min":"20"}',  '01/01/2014' , 1 );
INSERT INTO public.contributions(version, status, idfield, idvalue, idpoi) VALUES (1,'in progress', 9, 130, 15);
INSERT INTO public.values(id, value, createddate, users_id) VALUES (131, '{"visit_time_max":"60"}',  '01/01/2014' , 1 );
INSERT INTO public.contributions(version, status, idfield, idvalue, idpoi) VALUES (1,'in progress', 10, 131, 15);
INSERT INTO public.values(id, value, createddate, users_id) VALUES (132, '{"street":"Rue Raymond Teisseire"}',  '01/01/2014' , 1 );
INSERT INTO public.contributions(version, status, idfield, idvalue, idpoi) VALUES (1,'in progress', 14, 132, 15);
INSERT INTO public.values(id, value, createddate, users_id) VALUES (133, '{"postal_code":"13008"}',  '01/01/2014' , 1 );
INSERT INTO public.contributions(version, status, idfield, idvalue, idpoi) VALUES (1,'in progress', 15, 133, 15);
INSERT INTO public.values(id, value, createddate, users_id) VALUES (134, '{"desc":"Jardins"}',  '01/01/2014' , 1 );
INSERT INTO public.contributions(version, status, idfield, idvalue, idpoi) VALUES (1,'in progress', 22, 134, 15);
INSERT INTO public.values(id, value, createddate, users_id) VALUES (135, '{"withchild":"1"}',  '01/01/2014' , 1 );
INSERT INTO public.contributions(version, status, idfield, idvalue, idpoi) VALUES (1,'in progress', 28, 135, 15);
INSERT INTO public.pois(id, tour_id, typespois_id) VALUES (16, '16', '1' );
INSERT INTO public.values(id, value, createddate, users_id) VALUES (136, '{"longitude":"5.3696793752407"}',  '01/01/2014' , 1 );
INSERT INTO public.contributions(version, status, idfield, idvalue, idpoi) VALUES (1,'in progress', 1, 136, 16);
INSERT INTO public.values(id, value, createddate, users_id) VALUES (137, '{"latitude":"43.3662385006574"}',  '01/01/2014' , 1 );
INSERT INTO public.contributions(version, status, idfield, idvalue, idpoi) VALUES (1,'in progress', 2, 137, 16);
INSERT INTO public.values(id, value, createddate, users_id) VALUES (138, '{"name":"Jardin Georges Brassens"}',  '01/01/2014' , 1 );
INSERT INTO public.contributions(version, status, idfield, idvalue, idpoi) VALUES (1,'in progress', 3, 138, 16);
INSERT INTO public.values(id, value, createddate, users_id) VALUES (139, '{"visit_time_min":"20"}',  '01/01/2014' , 1 );
INSERT INTO public.contributions(version, status, idfield, idvalue, idpoi) VALUES (1,'in progress', 9, 139, 16);
INSERT INTO public.values(id, value, createddate, users_id) VALUES (140, '{"visit_time_max":"60"}',  '01/01/2014' , 1 );
INSERT INTO public.contributions(version, status, idfield, idvalue, idpoi) VALUES (1,'in progress', 10, 140, 16);
INSERT INTO public.values(id, value, createddate, users_id) VALUES (141, '{"street":"Boulevard de la Savine"}',  '01/01/2014' , 1 );
INSERT INTO public.contributions(version, status, idfield, idvalue, idpoi) VALUES (1,'in progress', 14, 141, 16);
INSERT INTO public.values(id, value, createddate, users_id) VALUES (142, '{"postal_code":"13015"}',  '01/01/2014' , 1 );
INSERT INTO public.contributions(version, status, idfield, idvalue, idpoi) VALUES (1,'in progress', 15, 142, 16);
INSERT INTO public.values(id, value, createddate, users_id) VALUES (143, '{"desc":"Jardins"}',  '01/01/2014' , 1 );
INSERT INTO public.contributions(version, status, idfield, idvalue, idpoi) VALUES (1,'in progress', 22, 143, 16);
INSERT INTO public.values(id, value, createddate, users_id) VALUES (144, '{"withchild":"1"}',  '01/01/2014' , 1 );
INSERT INTO public.contributions(version, status, idfield, idvalue, idpoi) VALUES (1,'in progress', 28, 144, 16);
INSERT INTO public.pois(id, tour_id, typespois_id) VALUES (17, '17', '1' );
INSERT INTO public.values(id, value, createddate, users_id) VALUES (145, '{"longitude":"5.41221252283616"}',  '01/01/2014' , 1 );
INSERT INTO public.contributions(version, status, idfield, idvalue, idpoi) VALUES (1,'in progress', 1, 145, 17);
INSERT INTO public.values(id, value, createddate, users_id) VALUES (146, '{"latitude":"43.3001660422405"}',  '01/01/2014' , 1 );
INSERT INTO public.contributions(version, status, idfield, idvalue, idpoi) VALUES (1,'in progress', 2, 146, 17);
INSERT INTO public.values(id, value, createddate, users_id) VALUES (147, '{"name":"Jardin Aspirant Versini"}',  '01/01/2014' , 1 );
INSERT INTO public.contributions(version, status, idfield, idvalue, idpoi) VALUES (1,'in progress', 3, 147, 17);
INSERT INTO public.values(id, value, createddate, users_id) VALUES (148, '{"visit_time_min":"20"}',  '01/01/2014' , 1 );
INSERT INTO public.contributions(version, status, idfield, idvalue, idpoi) VALUES (1,'in progress', 9, 148, 17);
INSERT INTO public.values(id, value, createddate, users_id) VALUES (149, '{"visit_time_max":"60"}',  '01/01/2014' , 1 );
INSERT INTO public.contributions(version, status, idfield, idvalue, idpoi) VALUES (1,'in progress', 10, 149, 17);
INSERT INTO public.values(id, value, createddate, users_id) VALUES (150, '{"street":"Boulevard Merle"}',  '01/01/2014' , 1 );
INSERT INTO public.contributions(version, status, idfield, idvalue, idpoi) VALUES (1,'in progress', 14, 150, 17);
INSERT INTO public.values(id, value, createddate, users_id) VALUES (151, '{"postal_code":"13012"}',  '01/01/2014' , 1 );
INSERT INTO public.contributions(version, status, idfield, idvalue, idpoi) VALUES (1,'in progress', 15, 151, 17);
INSERT INTO public.values(id, value, createddate, users_id) VALUES (152, '{"desc":"Jardins"}',  '01/01/2014' , 1 );
INSERT INTO public.contributions(version, status, idfield, idvalue, idpoi) VALUES (1,'in progress', 22, 152, 17);
INSERT INTO public.values(id, value, createddate, users_id) VALUES (153, '{"withchild":"1"}',  '01/01/2014' , 1 );
INSERT INTO public.contributions(version, status, idfield, idvalue, idpoi) VALUES (1,'in progress', 28, 153, 17);
INSERT INTO public.pois(id, tour_id, typespois_id) VALUES (18, '18', '1' );
INSERT INTO public.values(id, value, createddate, users_id) VALUES (154, '{"longitude":"5.37769662396174"}',  '01/01/2014' , 1 );
INSERT INTO public.contributions(version, status, idfield, idvalue, idpoi) VALUES (1,'in progress', 1, 154, 18);
INSERT INTO public.values(id, value, createddate, users_id) VALUES (155, '{"latitude":"43.281991639099"}',  '01/01/2014' , 1 );
INSERT INTO public.contributions(version, status, idfield, idvalue, idpoi) VALUES (1,'in progress', 2, 155, 18);
INSERT INTO public.values(id, value, createddate, users_id) VALUES (156, '{"name":"Jardin Lac\u00e9d\u00e9mone"}',  '01/01/2014' , 1 );
INSERT INTO public.contributions(version, status, idfield, idvalue, idpoi) VALUES (1,'in progress', 3, 156, 18);
INSERT INTO public.values(id, value, createddate, users_id) VALUES (157, '{"visit_time_min":"20"}',  '01/01/2014' , 1 );
INSERT INTO public.contributions(version, status, idfield, idvalue, idpoi) VALUES (1,'in progress', 9, 157, 18);
INSERT INTO public.values(id, value, createddate, users_id) VALUES (158, '{"visit_time_max":"60"}',  '01/01/2014' , 1 );
INSERT INTO public.contributions(version, status, idfield, idvalue, idpoi) VALUES (1,'in progress', 10, 158, 18);
INSERT INTO public.values(id, value, createddate, users_id) VALUES (159, '{"street":"Rue Lac\u00e9d\u00e9mone"}',  '01/01/2014' , 1 );
INSERT INTO public.contributions(version, status, idfield, idvalue, idpoi) VALUES (1,'in progress', 14, 159, 18);
INSERT INTO public.values(id, value, createddate, users_id) VALUES (160, '{"postal_code":"13006"}',  '01/01/2014' , 1 );
INSERT INTO public.contributions(version, status, idfield, idvalue, idpoi) VALUES (1,'in progress', 15, 160, 18);
INSERT INTO public.values(id, value, createddate, users_id) VALUES (161, '{"desc":"Jardins"}',  '01/01/2014' , 1 );
INSERT INTO public.contributions(version, status, idfield, idvalue, idpoi) VALUES (1,'in progress', 22, 161, 18);
INSERT INTO public.values(id, value, createddate, users_id) VALUES (162, '{"withchild":"1"}',  '01/01/2014' , 1 );
INSERT INTO public.contributions(version, status, idfield, idvalue, idpoi) VALUES (1,'in progress', 28, 162, 18);
INSERT INTO public.pois(id, tour_id, typespois_id) VALUES (19, '19', '1' );
INSERT INTO public.values(id, value, createddate, users_id) VALUES (163, '{"longitude":"5.41512149786766"}',  '01/01/2014' , 1 );
INSERT INTO public.contributions(version, status, idfield, idvalue, idpoi) VALUES (1,'in progress', 1, 163, 19);
INSERT INTO public.values(id, value, createddate, users_id) VALUES (164, '{"latitude":"43.2592995296954"}',  '01/01/2014' , 1 );
INSERT INTO public.contributions(version, status, idfield, idvalue, idpoi) VALUES (1,'in progress', 2, 164, 19);
INSERT INTO public.values(id, value, createddate, users_id) VALUES (165, '{"name":"Jardin de la Mathilde"}',  '01/01/2014' , 1 );
INSERT INTO public.contributions(version, status, idfield, idvalue, idpoi) VALUES (1,'in progress', 3, 165, 19);
INSERT INTO public.values(id, value, createddate, users_id) VALUES (166, '{"visit_time_min":"20"}',  '01/01/2014' , 1 );
INSERT INTO public.contributions(version, status, idfield, idvalue, idpoi) VALUES (1,'in progress', 9, 166, 19);
INSERT INTO public.values(id, value, createddate, users_id) VALUES (167, '{"visit_time_max":"60"}',  '01/01/2014' , 1 );
INSERT INTO public.contributions(version, status, idfield, idvalue, idpoi) VALUES (1,'in progress', 10, 167, 19);
INSERT INTO public.values(id, value, createddate, users_id) VALUES (168, '{"street":"Boulevard de la Gaye"}',  '01/01/2014' , 1 );
INSERT INTO public.contributions(version, status, idfield, idvalue, idpoi) VALUES (1,'in progress', 14, 168, 19);
INSERT INTO public.values(id, value, createddate, users_id) VALUES (169, '{"postal_code":"13009"}',  '01/01/2014' , 1 );
INSERT INTO public.contributions(version, status, idfield, idvalue, idpoi) VALUES (1,'in progress', 15, 169, 19);
INSERT INTO public.values(id, value, createddate, users_id) VALUES (170, '{"desc":"Jardins"}',  '01/01/2014' , 1 );
INSERT INTO public.contributions(version, status, idfield, idvalue, idpoi) VALUES (1,'in progress', 22, 170, 19);
INSERT INTO public.values(id, value, createddate, users_id) VALUES (171, '{"withchild":"1"}',  '01/01/2014' , 1 );
INSERT INTO public.contributions(version, status, idfield, idvalue, idpoi) VALUES (1,'in progress', 28, 171, 19);
INSERT INTO public.pois(id, tour_id, typespois_id) VALUES (20, '20', '1' );
INSERT INTO public.values(id, value, createddate, users_id) VALUES (172, '{"longitude":"5.41880900990005"}',  '01/01/2014' , 1 );
INSERT INTO public.contributions(version, status, idfield, idvalue, idpoi) VALUES (1,'in progress', 1, 172, 20);
INSERT INTO public.values(id, value, createddate, users_id) VALUES (173, '{"latitude":"43.2686845949954"}',  '01/01/2014' , 1 );
INSERT INTO public.contributions(version, status, idfield, idvalue, idpoi) VALUES (1,'in progress', 2, 173, 20);
INSERT INTO public.values(id, value, createddate, users_id) VALUES (174, '{"name":"Les Micocouliers"}',  '01/01/2014' , 1 );
INSERT INTO public.contributions(version, status, idfield, idvalue, idpoi) VALUES (1,'in progress', 3, 174, 20);
INSERT INTO public.values(id, value, createddate, users_id) VALUES (175, '{"visit_time_min":"20"}',  '01/01/2014' , 1 );
INSERT INTO public.contributions(version, status, idfield, idvalue, idpoi) VALUES (1,'in progress', 9, 175, 20);
INSERT INTO public.values(id, value, createddate, users_id) VALUES (176, '{"visit_time_max":"60"}',  '01/01/2014' , 1 );
INSERT INTO public.contributions(version, status, idfield, idvalue, idpoi) VALUES (1,'in progress', 10, 176, 20);
INSERT INTO public.values(id, value, createddate, users_id) VALUES (177, '{"street":"Boulevard Paul Claudel"}',  '01/01/2014' , 1 );
INSERT INTO public.contributions(version, status, idfield, idvalue, idpoi) VALUES (1,'in progress', 14, 177, 20);
INSERT INTO public.values(id, value, createddate, users_id) VALUES (178, '{"postal_code":"13010"}',  '01/01/2014' , 1 );
INSERT INTO public.contributions(version, status, idfield, idvalue, idpoi) VALUES (1,'in progress', 15, 178, 20);
INSERT INTO public.values(id, value, createddate, users_id) VALUES (179, '{"desc":"Jardins"}',  '01/01/2014' , 1 );
INSERT INTO public.contributions(version, status, idfield, idvalue, idpoi) VALUES (1,'in progress', 22, 179, 20);
INSERT INTO public.values(id, value, createddate, users_id) VALUES (180, '{"withchild":"1"}',  '01/01/2014' , 1 );
INSERT INTO public.contributions(version, status, idfield, idvalue, idpoi) VALUES (1,'in progress', 28, 180, 20);
INSERT INTO public.pois(id, tour_id, typespois_id) VALUES (21, '21', '1' );
INSERT INTO public.values(id, value, createddate, users_id) VALUES (181, '{"longitude":"5.39711728902392"}',  '01/01/2014' , 1 );
INSERT INTO public.contributions(version, status, idfield, idvalue, idpoi) VALUES (1,'in progress', 1, 181, 21);
INSERT INTO public.values(id, value, createddate, users_id) VALUES (182, '{"latitude":"43.2611343794887"}',  '01/01/2014' , 1 );
INSERT INTO public.contributions(version, status, idfield, idvalue, idpoi) VALUES (1,'in progress', 2, 182, 21);
INSERT INTO public.values(id, value, createddate, users_id) VALUES (183, '{"name":"Jardin du corbusier"}',  '01/01/2014' , 1 );
INSERT INTO public.contributions(version, status, idfield, idvalue, idpoi) VALUES (1,'in progress', 3, 183, 21);
INSERT INTO public.values(id, value, createddate, users_id) VALUES (184, '{"visit_time_min":"20"}',  '01/01/2014' , 1 );
INSERT INTO public.contributions(version, status, idfield, idvalue, idpoi) VALUES (1,'in progress', 9, 184, 21);
INSERT INTO public.values(id, value, createddate, users_id) VALUES (185, '{"visit_time_max":"60"}',  '01/01/2014' , 1 );
INSERT INTO public.contributions(version, status, idfield, idvalue, idpoi) VALUES (1,'in progress', 10, 185, 21);
INSERT INTO public.values(id, value, createddate, users_id) VALUES (186, '{"street":"Boulevard Michelet"}',  '01/01/2014' , 1 );
INSERT INTO public.contributions(version, status, idfield, idvalue, idpoi) VALUES (1,'in progress', 14, 186, 21);
INSERT INTO public.values(id, value, createddate, users_id) VALUES (187, '{"postal_code":"13008"}',  '01/01/2014' , 1 );
INSERT INTO public.contributions(version, status, idfield, idvalue, idpoi) VALUES (1,'in progress', 15, 187, 21);
INSERT INTO public.values(id, value, createddate, users_id) VALUES (188, '{"desc":"Jardins"}',  '01/01/2014' , 1 );
INSERT INTO public.contributions(version, status, idfield, idvalue, idpoi) VALUES (1,'in progress', 22, 188, 21);
INSERT INTO public.values(id, value, createddate, users_id) VALUES (189, '{"withchild":"1"}',  '01/01/2014' , 1 );
INSERT INTO public.contributions(version, status, idfield, idvalue, idpoi) VALUES (1,'in progress', 28, 189, 21);
INSERT INTO public.pois(id, tour_id, typespois_id) VALUES (22, '22', '1' );
INSERT INTO public.values(id, value, createddate, users_id) VALUES (190, '{"longitude":"5.38421993461863"}',  '01/01/2014' , 1 );
INSERT INTO public.contributions(version, status, idfield, idvalue, idpoi) VALUES (1,'in progress', 1, 190, 22);
INSERT INTO public.values(id, value, createddate, users_id) VALUES (191, '{"latitude":"43.260518785845"}',  '01/01/2014' , 1 );
INSERT INTO public.contributions(version, status, idfield, idvalue, idpoi) VALUES (1,'in progress', 2, 191, 22);
INSERT INTO public.values(id, value, createddate, users_id) VALUES (192, '{"name":"Jardin Botanique"}',  '01/01/2014' , 1 );
INSERT INTO public.contributions(version, status, idfield, idvalue, idpoi) VALUES (1,'in progress', 3, 192, 22);
INSERT INTO public.values(id, value, createddate, users_id) VALUES (193, '{"visit_time_min":"20"}',  '01/01/2014' , 1 );
INSERT INTO public.contributions(version, status, idfield, idvalue, idpoi) VALUES (1,'in progress', 9, 193, 22);
INSERT INTO public.values(id, value, createddate, users_id) VALUES (194, '{"visit_time_max":"60"}',  '01/01/2014' , 1 );
INSERT INTO public.contributions(version, status, idfield, idvalue, idpoi) VALUES (1,'in progress', 10, 194, 22);
INSERT INTO public.values(id, value, createddate, users_id) VALUES (195, '{"street":"Parc Borely"}',  '01/01/2014' , 1 );
INSERT INTO public.contributions(version, status, idfield, idvalue, idpoi) VALUES (1,'in progress', 14, 195, 22);
INSERT INTO public.values(id, value, createddate, users_id) VALUES (196, '{"postal_code":"13008"}',  '01/01/2014' , 1 );
INSERT INTO public.contributions(version, status, idfield, idvalue, idpoi) VALUES (1,'in progress', 15, 196, 22);
INSERT INTO public.values(id, value, createddate, users_id) VALUES (197, '{"desc":"Jardins"}',  '01/01/2014' , 1 );
INSERT INTO public.contributions(version, status, idfield, idvalue, idpoi) VALUES (1,'in progress', 22, 197, 22);
INSERT INTO public.values(id, value, createddate, users_id) VALUES (198, '{"withchild":"1"}',  '01/01/2014' , 1 );
INSERT INTO public.contributions(version, status, idfield, idvalue, idpoi) VALUES (1,'in progress', 28, 198, 22);
INSERT INTO public.pois(id, tour_id, typespois_id) VALUES (23, '23', '1' );
INSERT INTO public.values(id, value, createddate, users_id) VALUES (199, '{"longitude":"5.38097666837059"}',  '01/01/2014' , 1 );
INSERT INTO public.contributions(version, status, idfield, idvalue, idpoi) VALUES (1,'in progress', 1, 199, 23);
INSERT INTO public.values(id, value, createddate, users_id) VALUES (200, '{"latitude":"43.30169850873"}',  '01/01/2014' , 1 );
INSERT INTO public.contributions(version, status, idfield, idvalue, idpoi) VALUES (1,'in progress', 2, 200, 23);
INSERT INTO public.values(id, value, createddate, users_id) VALUES (201, '{"name":"Square des Marseillaises"}',  '01/01/2014' , 1 );
INSERT INTO public.contributions(version, status, idfield, idvalue, idpoi) VALUES (1,'in progress', 3, 201, 23);
INSERT INTO public.values(id, value, createddate, users_id) VALUES (202, '{"visit_time_min":"20"}',  '01/01/2014' , 1 );
INSERT INTO public.contributions(version, status, idfield, idvalue, idpoi) VALUES (1,'in progress', 9, 202, 23);
INSERT INTO public.values(id, value, createddate, users_id) VALUES (203, '{"visit_time_max":"60"}',  '01/01/2014' , 1 );
INSERT INTO public.contributions(version, status, idfield, idvalue, idpoi) VALUES (1,'in progress', 10, 203, 23);
INSERT INTO public.values(id, value, createddate, users_id) VALUES (204, '{"street":"Place des Marseillaises"}',  '01/01/2014' , 1 );
INSERT INTO public.contributions(version, status, idfield, idvalue, idpoi) VALUES (1,'in progress', 14, 204, 23);
INSERT INTO public.values(id, value, createddate, users_id) VALUES (205, '{"postal_code":"13001"}',  '01/01/2014' , 1 );
INSERT INTO public.contributions(version, status, idfield, idvalue, idpoi) VALUES (1,'in progress', 15, 205, 23);
INSERT INTO public.values(id, value, createddate, users_id) VALUES (206, '{"desc":"Jardins"}',  '01/01/2014' , 1 );
INSERT INTO public.contributions(version, status, idfield, idvalue, idpoi) VALUES (1,'in progress', 22, 206, 23);
INSERT INTO public.values(id, value, createddate, users_id) VALUES (207, '{"withchild":"1"}',  '01/01/2014' , 1 );
INSERT INTO public.contributions(version, status, idfield, idvalue, idpoi) VALUES (1,'in progress', 28, 207, 23);
INSERT INTO public.pois(id, tour_id, typespois_id) VALUES (24, '24', '1' );
INSERT INTO public.values(id, value, createddate, users_id) VALUES (208, '{"longitude":"5.37279138797084"}',  '01/01/2014' , 1 );
INSERT INTO public.contributions(version, status, idfield, idvalue, idpoi) VALUES (1,'in progress', 1, 208, 24);
INSERT INTO public.values(id, value, createddate, users_id) VALUES (209, '{"latitude":"43.2386197410988"}',  '01/01/2014' , 1 );
INSERT INTO public.contributions(version, status, idfield, idvalue, idpoi) VALUES (1,'in progress', 2, 209, 24);
INSERT INTO public.values(id, value, createddate, users_id) VALUES (210, '{"name":"Jardin des Aloades"}',  '01/01/2014' , 1 );
INSERT INTO public.contributions(version, status, idfield, idvalue, idpoi) VALUES (1,'in progress', 3, 210, 24);
INSERT INTO public.values(id, value, createddate, users_id) VALUES (211, '{"visit_time_min":"20"}',  '01/01/2014' , 1 );
INSERT INTO public.contributions(version, status, idfield, idvalue, idpoi) VALUES (1,'in progress', 9, 211, 24);
INSERT INTO public.values(id, value, createddate, users_id) VALUES (212, '{"visit_time_max":"60"}',  '01/01/2014' , 1 );
INSERT INTO public.contributions(version, status, idfield, idvalue, idpoi) VALUES (1,'in progress', 10, 212, 24);
INSERT INTO public.values(id, value, createddate, users_id) VALUES (213, '{"street":"Traverse Prat"}',  '01/01/2014' , 1 );
INSERT INTO public.contributions(version, status, idfield, idvalue, idpoi) VALUES (1,'in progress', 14, 213, 24);
INSERT INTO public.values(id, value, createddate, users_id) VALUES (214, '{"postal_code":"13008"}',  '01/01/2014' , 1 );
INSERT INTO public.contributions(version, status, idfield, idvalue, idpoi) VALUES (1,'in progress', 15, 214, 24);
INSERT INTO public.values(id, value, createddate, users_id) VALUES (215, '{"desc":"Jardins"}',  '01/01/2014' , 1 );
INSERT INTO public.contributions(version, status, idfield, idvalue, idpoi) VALUES (1,'in progress', 22, 215, 24);
INSERT INTO public.values(id, value, createddate, users_id) VALUES (216, '{"withchild":"1"}',  '01/01/2014' , 1 );
INSERT INTO public.contributions(version, status, idfield, idvalue, idpoi) VALUES (1,'in progress', 28, 216, 24);
INSERT INTO public.pois(id, tour_id, typespois_id) VALUES (25, '25', '1' );
INSERT INTO public.values(id, value, createddate, users_id) VALUES (217, '{"longitude":"5.37527400552376"}',  '01/01/2014' , 1 );
INSERT INTO public.contributions(version, status, idfield, idvalue, idpoi) VALUES (1,'in progress', 1, 217, 25);
INSERT INTO public.values(id, value, createddate, users_id) VALUES (218, '{"latitude":"43.2904245163191"}',  '01/01/2014' , 1 );
INSERT INTO public.contributions(version, status, idfield, idvalue, idpoi) VALUES (1,'in progress', 2, 218, 25);
INSERT INTO public.values(id, value, createddate, users_id) VALUES (219, '{"name":"Jardin du Juge Michel"}',  '01/01/2014' , 1 );
INSERT INTO public.contributions(version, status, idfield, idvalue, idpoi) VALUES (1,'in progress', 3, 219, 25);
INSERT INTO public.values(id, value, createddate, users_id) VALUES (220, '{"visit_time_min":"20"}',  '01/01/2014' , 1 );
INSERT INTO public.contributions(version, status, idfield, idvalue, idpoi) VALUES (1,'in progress', 9, 220, 25);
INSERT INTO public.values(id, value, createddate, users_id) VALUES (221, '{"visit_time_max":"60"}',  '01/01/2014' , 1 );
INSERT INTO public.contributions(version, status, idfield, idvalue, idpoi) VALUES (1,'in progress', 10, 221, 25);
INSERT INTO public.values(id, value, createddate, users_id) VALUES (222, '{"street":"Place Monthyon"}',  '01/01/2014' , 1 );
INSERT INTO public.contributions(version, status, idfield, idvalue, idpoi) VALUES (1,'in progress', 14, 222, 25);
INSERT INTO public.values(id, value, createddate, users_id) VALUES (223, '{"postal_code":"13006"}',  '01/01/2014' , 1 );
INSERT INTO public.contributions(version, status, idfield, idvalue, idpoi) VALUES (1,'in progress', 15, 223, 25);
INSERT INTO public.values(id, value, createddate, users_id) VALUES (224, '{"desc":"Jardins"}',  '01/01/2014' , 1 );
INSERT INTO public.contributions(version, status, idfield, idvalue, idpoi) VALUES (1,'in progress', 22, 224, 25);
INSERT INTO public.values(id, value, createddate, users_id) VALUES (225, '{"withchild":"1"}',  '01/01/2014' , 1 );
INSERT INTO public.contributions(version, status, idfield, idvalue, idpoi) VALUES (1,'in progress', 28, 225, 25);
INSERT INTO public.pois(id, tour_id, typespois_id) VALUES (26, '26', '1' );
INSERT INTO public.values(id, value, createddate, users_id) VALUES (226, '{"longitude":"5.43289426414391"}',  '01/01/2014' , 1 );
INSERT INTO public.contributions(version, status, idfield, idvalue, idpoi) VALUES (1,'in progress', 1, 226, 26);
INSERT INTO public.values(id, value, createddate, users_id) VALUES (227, '{"latitude":"43.2980927073834"}',  '01/01/2014' , 1 );
INSERT INTO public.contributions(version, status, idfield, idvalue, idpoi) VALUES (1,'in progress', 2, 227, 26);
INSERT INTO public.values(id, value, createddate, users_id) VALUES (228, '{"name":"Jardin de la Perrine"}',  '01/01/2014' , 1 );
INSERT INTO public.contributions(version, status, idfield, idvalue, idpoi) VALUES (1,'in progress', 3, 228, 26);
INSERT INTO public.values(id, value, createddate, users_id) VALUES (229, '{"visit_time_min":"20"}',  '01/01/2014' , 1 );
INSERT INTO public.contributions(version, status, idfield, idvalue, idpoi) VALUES (1,'in progress', 9, 229, 26);
INSERT INTO public.values(id, value, createddate, users_id) VALUES (230, '{"visit_time_max":"60"}',  '01/01/2014' , 1 );
INSERT INTO public.contributions(version, status, idfield, idvalue, idpoi) VALUES (1,'in progress', 10, 230, 26);
INSERT INTO public.values(id, value, createddate, users_id) VALUES (231, '{"street":"Traverse de la Fourragere"}',  '01/01/2014' , 1 );
INSERT INTO public.contributions(version, status, idfield, idvalue, idpoi) VALUES (1,'in progress', 14, 231, 26);
INSERT INTO public.values(id, value, createddate, users_id) VALUES (232, '{"postal_code":"13012"}',  '01/01/2014' , 1 );
INSERT INTO public.contributions(version, status, idfield, idvalue, idpoi) VALUES (1,'in progress', 15, 232, 26);
INSERT INTO public.values(id, value, createddate, users_id) VALUES (233, '{"desc":"Jardins"}',  '01/01/2014' , 1 );
INSERT INTO public.contributions(version, status, idfield, idvalue, idpoi) VALUES (1,'in progress', 22, 233, 26);
INSERT INTO public.values(id, value, createddate, users_id) VALUES (234, '{"withchild":"1"}',  '01/01/2014' , 1 );
INSERT INTO public.contributions(version, status, idfield, idvalue, idpoi) VALUES (1,'in progress', 28, 234, 26);
INSERT INTO public.pois(id, tour_id, typespois_id) VALUES (27, '27', '1' );
INSERT INTO public.values(id, value, createddate, users_id) VALUES (235, '{"longitude":"5.36381651000546"}',  '01/01/2014' , 1 );
INSERT INTO public.contributions(version, status, idfield, idvalue, idpoi) VALUES (1,'in progress', 1, 235, 27);
INSERT INTO public.values(id, value, createddate, users_id) VALUES (236, '{"latitude":"43.2412714879835"}',  '01/01/2014' , 1 );
INSERT INTO public.contributions(version, status, idfield, idvalue, idpoi) VALUES (1,'in progress', 2, 236, 27);
INSERT INTO public.values(id, value, createddate, users_id) VALUES (237, '{"name":"Jardin des Reinettes"}',  '01/01/2014' , 1 );
INSERT INTO public.contributions(version, status, idfield, idvalue, idpoi) VALUES (1,'in progress', 3, 237, 27);
INSERT INTO public.values(id, value, createddate, users_id) VALUES (238, '{"visit_time_min":"20"}',  '01/01/2014' , 1 );
INSERT INTO public.contributions(version, status, idfield, idvalue, idpoi) VALUES (1,'in progress', 9, 238, 27);
INSERT INTO public.values(id, value, createddate, users_id) VALUES (239, '{"visit_time_max":"60"}',  '01/01/2014' , 1 );
INSERT INTO public.contributions(version, status, idfield, idvalue, idpoi) VALUES (1,'in progress', 10, 239, 27);
INSERT INTO public.values(id, value, createddate, users_id) VALUES (240, '{"street":"Promenade du Grand Large"}',  '01/01/2014' , 1 );
INSERT INTO public.contributions(version, status, idfield, idvalue, idpoi) VALUES (1,'in progress', 14, 240, 27);
INSERT INTO public.values(id, value, createddate, users_id) VALUES (241, '{"postal_code":"13008"}',  '01/01/2014' , 1 );
INSERT INTO public.contributions(version, status, idfield, idvalue, idpoi) VALUES (1,'in progress', 15, 241, 27);
INSERT INTO public.values(id, value, createddate, users_id) VALUES (242, '{"desc":"Jardins"}',  '01/01/2014' , 1 );
INSERT INTO public.contributions(version, status, idfield, idvalue, idpoi) VALUES (1,'in progress', 22, 242, 27);
INSERT INTO public.values(id, value, createddate, users_id) VALUES (243, '{"withchild":"1"}',  '01/01/2014' , 1 );
INSERT INTO public.contributions(version, status, idfield, idvalue, idpoi) VALUES (1,'in progress', 28, 243, 27);
INSERT INTO public.pois(id, tour_id, typespois_id) VALUES (28, '28', '1' );
INSERT INTO public.values(id, value, createddate, users_id) VALUES (244, '{"longitude":"5.36139198410673"}',  '01/01/2014' , 1 );
INSERT INTO public.contributions(version, status, idfield, idvalue, idpoi) VALUES (1,'in progress', 1, 244, 28);
INSERT INTO public.values(id, value, createddate, users_id) VALUES (245, '{"latitude":"43.2924282626326"}',  '01/01/2014' , 1 );
INSERT INTO public.contributions(version, status, idfield, idvalue, idpoi) VALUES (1,'in progress', 2, 245, 28);
INSERT INTO public.values(id, value, createddate, users_id) VALUES (246, '{"name":"Square Manouchian"}',  '01/01/2014' , 1 );
INSERT INTO public.contributions(version, status, idfield, idvalue, idpoi) VALUES (1,'in progress', 3, 246, 28);
INSERT INTO public.values(id, value, createddate, users_id) VALUES (247, '{"visit_time_min":"20"}',  '01/01/2014' , 1 );
INSERT INTO public.contributions(version, status, idfield, idvalue, idpoi) VALUES (1,'in progress', 9, 247, 28);
INSERT INTO public.values(id, value, createddate, users_id) VALUES (248, '{"visit_time_max":"60"}',  '01/01/2014' , 1 );
INSERT INTO public.contributions(version, status, idfield, idvalue, idpoi) VALUES (1,'in progress', 10, 248, 28);
INSERT INTO public.values(id, value, createddate, users_id) VALUES (249, '{"street":"Boulevard Charles Livon"}',  '01/01/2014' , 1 );
INSERT INTO public.contributions(version, status, idfield, idvalue, idpoi) VALUES (1,'in progress', 14, 249, 28);
INSERT INTO public.values(id, value, createddate, users_id) VALUES (250, '{"postal_code":"13007"}',  '01/01/2014' , 1 );
INSERT INTO public.contributions(version, status, idfield, idvalue, idpoi) VALUES (1,'in progress', 15, 250, 28);
INSERT INTO public.values(id, value, createddate, users_id) VALUES (251, '{"desc":"Jardins"}',  '01/01/2014' , 1 );
INSERT INTO public.contributions(version, status, idfield, idvalue, idpoi) VALUES (1,'in progress', 22, 251, 28);
INSERT INTO public.values(id, value, createddate, users_id) VALUES (252, '{"withchild":"1"}',  '01/01/2014' , 1 );
INSERT INTO public.contributions(version, status, idfield, idvalue, idpoi) VALUES (1,'in progress', 28, 252, 28);
INSERT INTO public.pois(id, tour_id, typespois_id) VALUES (29, '29', '1' );
INSERT INTO public.values(id, value, createddate, users_id) VALUES (253, '{"longitude":"5.34226362601711"}',  '01/01/2014' , 1 );
INSERT INTO public.contributions(version, status, idfield, idvalue, idpoi) VALUES (1,'in progress', 1, 253, 29);
INSERT INTO public.values(id, value, createddate, users_id) VALUES (254, '{"latitude":"43.3691243620872"}',  '01/01/2014' , 1 );
INSERT INTO public.contributions(version, status, idfield, idvalue, idpoi) VALUES (1,'in progress', 2, 254, 29);
INSERT INTO public.values(id, value, createddate, users_id) VALUES (255, '{"name":"Jardin du Pradel"}',  '01/01/2014' , 1 );
INSERT INTO public.contributions(version, status, idfield, idvalue, idpoi) VALUES (1,'in progress', 3, 255, 29);
INSERT INTO public.values(id, value, createddate, users_id) VALUES (256, '{"visit_time_min":"20"}',  '01/01/2014' , 1 );
INSERT INTO public.contributions(version, status, idfield, idvalue, idpoi) VALUES (1,'in progress', 9, 256, 29);
INSERT INTO public.values(id, value, createddate, users_id) VALUES (257, '{"visit_time_max":"60"}',  '01/01/2014' , 1 );
INSERT INTO public.contributions(version, status, idfield, idvalue, idpoi) VALUES (1,'in progress', 10, 257, 29);
INSERT INTO public.values(id, value, createddate, users_id) VALUES (258, '{"street":"Boulevard Henri Barnier"}',  '01/01/2014' , 1 );
INSERT INTO public.contributions(version, status, idfield, idvalue, idpoi) VALUES (1,'in progress', 14, 258, 29);
INSERT INTO public.values(id, value, createddate, users_id) VALUES (259, '{"postal_code":"13015"}',  '01/01/2014' , 1 );
INSERT INTO public.contributions(version, status, idfield, idvalue, idpoi) VALUES (1,'in progress', 15, 259, 29);
INSERT INTO public.values(id, value, createddate, users_id) VALUES (260, '{"desc":"Jardins"}',  '01/01/2014' , 1 );
INSERT INTO public.contributions(version, status, idfield, idvalue, idpoi) VALUES (1,'in progress', 22, 260, 29);
INSERT INTO public.values(id, value, createddate, users_id) VALUES (261, '{"withchild":"1"}',  '01/01/2014' , 1 );
INSERT INTO public.contributions(version, status, idfield, idvalue, idpoi) VALUES (1,'in progress', 28, 261, 29);
INSERT INTO public.pois(id, tour_id, typespois_id) VALUES (30, '30', '1' );
INSERT INTO public.values(id, value, createddate, users_id) VALUES (262, '{"longitude":"5.36588079115469"}',  '01/01/2014' , 1 );
INSERT INTO public.contributions(version, status, idfield, idvalue, idpoi) VALUES (1,'in progress', 1, 262, 30);
INSERT INTO public.values(id, value, createddate, users_id) VALUES (263, '{"latitude":"43.291976380893"}',  '01/01/2014' , 1 );
INSERT INTO public.contributions(version, status, idfield, idvalue, idpoi) VALUES (1,'in progress', 2, 263, 30);
INSERT INTO public.values(id, value, createddate, users_id) VALUES (264, '{"name":"Jardin du Car\u00e9nage"}',  '01/01/2014' , 1 );
INSERT INTO public.contributions(version, status, idfield, idvalue, idpoi) VALUES (1,'in progress', 3, 264, 30);
INSERT INTO public.values(id, value, createddate, users_id) VALUES (265, '{"visit_time_min":"20"}',  '01/01/2014' , 1 );
INSERT INTO public.contributions(version, status, idfield, idvalue, idpoi) VALUES (1,'in progress', 9, 265, 30);
INSERT INTO public.values(id, value, createddate, users_id) VALUES (266, '{"visit_time_max":"60"}',  '01/01/2014' , 1 );
INSERT INTO public.contributions(version, status, idfield, idvalue, idpoi) VALUES (1,'in progress', 10, 266, 30);
INSERT INTO public.values(id, value, createddate, users_id) VALUES (267, '{"street":"Place du Car\u00e9nage"}',  '01/01/2014' , 1 );
INSERT INTO public.contributions(version, status, idfield, idvalue, idpoi) VALUES (1,'in progress', 14, 267, 30);
INSERT INTO public.values(id, value, createddate, users_id) VALUES (268, '{"postal_code":"13007"}',  '01/01/2014' , 1 );
INSERT INTO public.contributions(version, status, idfield, idvalue, idpoi) VALUES (1,'in progress', 15, 268, 30);
INSERT INTO public.values(id, value, createddate, users_id) VALUES (269, '{"desc":"Jardins"}',  '01/01/2014' , 1 );
INSERT INTO public.contributions(version, status, idfield, idvalue, idpoi) VALUES (1,'in progress', 22, 269, 30);
INSERT INTO public.values(id, value, createddate, users_id) VALUES (270, '{"withchild":"1"}',  '01/01/2014' , 1 );
INSERT INTO public.contributions(version, status, idfield, idvalue, idpoi) VALUES (1,'in progress', 28, 270, 30);
INSERT INTO public.pois(id, tour_id, typespois_id) VALUES (31, '31', '1' );
INSERT INTO public.values(id, value, createddate, users_id) VALUES (271, '{"longitude":"5.45080089388657"}',  '01/01/2014' , 1 );
INSERT INTO public.contributions(version, status, idfield, idvalue, idpoi) VALUES (1,'in progress', 1, 271, 31);
INSERT INTO public.values(id, value, createddate, users_id) VALUES (272, '{"latitude":"43.316212571048"}',  '01/01/2014' , 1 );
INSERT INTO public.contributions(version, status, idfield, idvalue, idpoi) VALUES (1,'in progress', 2, 272, 31);
INSERT INTO public.values(id, value, createddate, users_id) VALUES (273, '{"name":"Jardin Bonniot"}',  '01/01/2014' , 1 );
INSERT INTO public.contributions(version, status, idfield, idvalue, idpoi) VALUES (1,'in progress', 3, 273, 31);
INSERT INTO public.values(id, value, createddate, users_id) VALUES (274, '{"visit_time_min":"20"}',  '01/01/2014' , 1 );
INSERT INTO public.contributions(version, status, idfield, idvalue, idpoi) VALUES (1,'in progress', 9, 274, 31);
INSERT INTO public.values(id, value, createddate, users_id) VALUES (275, '{"visit_time_max":"60"}',  '01/01/2014' , 1 );
INSERT INTO public.contributions(version, status, idfield, idvalue, idpoi) VALUES (1,'in progress', 10, 275, 31);
INSERT INTO public.values(id, value, createddate, users_id) VALUES (276, '{"street":"Avenue Bonniot"}',  '01/01/2014' , 1 );
INSERT INTO public.contributions(version, status, idfield, idvalue, idpoi) VALUES (1,'in progress', 14, 276, 31);
INSERT INTO public.values(id, value, createddate, users_id) VALUES (277, '{"postal_code":"13012"}',  '01/01/2014' , 1 );
INSERT INTO public.contributions(version, status, idfield, idvalue, idpoi) VALUES (1,'in progress', 15, 277, 31);
INSERT INTO public.values(id, value, createddate, users_id) VALUES (278, '{"desc":"Jardins"}',  '01/01/2014' , 1 );
INSERT INTO public.contributions(version, status, idfield, idvalue, idpoi) VALUES (1,'in progress', 22, 278, 31);
INSERT INTO public.values(id, value, createddate, users_id) VALUES (279, '{"withchild":"1"}',  '01/01/2014' , 1 );
INSERT INTO public.contributions(version, status, idfield, idvalue, idpoi) VALUES (1,'in progress', 28, 279, 31);
INSERT INTO public.pois(id, tour_id, typespois_id) VALUES (32, '32', '1' );
INSERT INTO public.values(id, value, createddate, users_id) VALUES (280, '{"longitude":"5.37517517345587"}',  '01/01/2014' , 1 );
INSERT INTO public.contributions(version, status, idfield, idvalue, idpoi) VALUES (1,'in progress', 1, 280, 32);
INSERT INTO public.values(id, value, createddate, users_id) VALUES (281, '{"latitude":"43.3021784228628"}',  '01/01/2014' , 1 );
INSERT INTO public.contributions(version, status, idfield, idvalue, idpoi) VALUES (1,'in progress', 2, 281, 32);
INSERT INTO public.values(id, value, createddate, users_id) VALUES (282, '{"name":"Jardin de la Porte d\u0027Aix"}',  '01/01/2014' , 1 );
INSERT INTO public.contributions(version, status, idfield, idvalue, idpoi) VALUES (1,'in progress', 3, 282, 32);
INSERT INTO public.values(id, value, createddate, users_id) VALUES (283, '{"visit_time_min":"20"}',  '01/01/2014' , 1 );
INSERT INTO public.contributions(version, status, idfield, idvalue, idpoi) VALUES (1,'in progress', 9, 283, 32);
INSERT INTO public.values(id, value, createddate, users_id) VALUES (284, '{"visit_time_max":"60"}',  '01/01/2014' , 1 );
INSERT INTO public.contributions(version, status, idfield, idvalue, idpoi) VALUES (1,'in progress', 10, 284, 32);
INSERT INTO public.values(id, value, createddate, users_id) VALUES (285, '{"street":"Place Jules Guesde"}',  '01/01/2014' , 1 );
INSERT INTO public.contributions(version, status, idfield, idvalue, idpoi) VALUES (1,'in progress', 14, 285, 32);
INSERT INTO public.values(id, value, createddate, users_id) VALUES (286, '{"postal_code":"13003"}',  '01/01/2014' , 1 );
INSERT INTO public.contributions(version, status, idfield, idvalue, idpoi) VALUES (1,'in progress', 15, 286, 32);
INSERT INTO public.values(id, value, createddate, users_id) VALUES (287, '{"desc":"Jardins"}',  '01/01/2014' , 1 );
INSERT INTO public.contributions(version, status, idfield, idvalue, idpoi) VALUES (1,'in progress', 22, 287, 32);
INSERT INTO public.values(id, value, createddate, users_id) VALUES (288, '{"withchild":"1"}',  '01/01/2014' , 1 );
INSERT INTO public.contributions(version, status, idfield, idvalue, idpoi) VALUES (1,'in progress', 28, 288, 32);
INSERT INTO public.pois(id, tour_id, typespois_id) VALUES (33, '33', '1' );
INSERT INTO public.values(id, value, createddate, users_id) VALUES (289, '{"longitude":"5.36497137767155"}',  '01/01/2014' , 1 );
INSERT INTO public.contributions(version, status, idfield, idvalue, idpoi) VALUES (1,'in progress', 1, 289, 33);
INSERT INTO public.values(id, value, createddate, users_id) VALUES (290, '{"latitude":"43.290292961723"}',  '01/01/2014' , 1 );
INSERT INTO public.contributions(version, status, idfield, idvalue, idpoi) VALUES (1,'in progress', 2, 290, 33);
INSERT INTO public.values(id, value, createddate, users_id) VALUES (291, '{"name":"Square Lamy"}',  '01/01/2014' , 1 );
INSERT INTO public.contributions(version, status, idfield, idvalue, idpoi) VALUES (1,'in progress', 3, 291, 33);
INSERT INTO public.values(id, value, createddate, users_id) VALUES (292, '{"visit_time_min":"20"}',  '01/01/2014' , 1 );
INSERT INTO public.contributions(version, status, idfield, idvalue, idpoi) VALUES (1,'in progress', 9, 292, 33);
INSERT INTO public.values(id, value, createddate, users_id) VALUES (293, '{"visit_time_max":"60"}',  '01/01/2014' , 1 );
INSERT INTO public.contributions(version, status, idfield, idvalue, idpoi) VALUES (1,'in progress', 10, 293, 33);
INSERT INTO public.values(id, value, createddate, users_id) VALUES (294, '{"street":"Rue du Commandant Lamy"}',  '01/01/2014' , 1 );
INSERT INTO public.contributions(version, status, idfield, idvalue, idpoi) VALUES (1,'in progress', 14, 294, 33);
INSERT INTO public.values(id, value, createddate, users_id) VALUES (295, '{"postal_code":"13007"}',  '01/01/2014' , 1 );
INSERT INTO public.contributions(version, status, idfield, idvalue, idpoi) VALUES (1,'in progress', 15, 295, 33);
INSERT INTO public.values(id, value, createddate, users_id) VALUES (296, '{"desc":"Jardins"}',  '01/01/2014' , 1 );
INSERT INTO public.contributions(version, status, idfield, idvalue, idpoi) VALUES (1,'in progress', 22, 296, 33);
INSERT INTO public.values(id, value, createddate, users_id) VALUES (297, '{"withchild":"1"}',  '01/01/2014' , 1 );
INSERT INTO public.contributions(version, status, idfield, idvalue, idpoi) VALUES (1,'in progress', 28, 297, 33);
INSERT INTO public.pois(id, tour_id, typespois_id) VALUES (34, '34', '1' );
INSERT INTO public.values(id, value, createddate, users_id) VALUES (298, '{"longitude":"5.5011353866203"}',  '01/01/2014' , 1 );
INSERT INTO public.contributions(version, status, idfield, idvalue, idpoi) VALUES (1,'in progress', 1, 298, 34);
INSERT INTO public.values(id, value, createddate, users_id) VALUES (299, '{"latitude":"43.2883972191243"}',  '01/01/2014' , 1 );
INSERT INTO public.contributions(version, status, idfield, idvalue, idpoi) VALUES (1,'in progress', 2, 299, 34);
INSERT INTO public.values(id, value, createddate, users_id) VALUES (300, '{"name":"Jardin de Saint Menet"}',  '01/01/2014' , 1 );
INSERT INTO public.contributions(version, status, idfield, idvalue, idpoi) VALUES (1,'in progress', 3, 300, 34);
INSERT INTO public.values(id, value, createddate, users_id) VALUES (301, '{"visit_time_min":"20"}',  '01/01/2014' , 1 );
INSERT INTO public.contributions(version, status, idfield, idvalue, idpoi) VALUES (1,'in progress', 9, 301, 34);
INSERT INTO public.values(id, value, createddate, users_id) VALUES (302, '{"visit_time_max":"60"}',  '01/01/2014' , 1 );
INSERT INTO public.contributions(version, status, idfield, idvalue, idpoi) VALUES (1,'in progress', 10, 302, 34);
INSERT INTO public.values(id, value, createddate, users_id) VALUES (303, '{"street":"Avenue de Saint Menet"}',  '01/01/2014' , 1 );
INSERT INTO public.contributions(version, status, idfield, idvalue, idpoi) VALUES (1,'in progress', 14, 303, 34);
INSERT INTO public.values(id, value, createddate, users_id) VALUES (304, '{"postal_code":"13011"}',  '01/01/2014' , 1 );
INSERT INTO public.contributions(version, status, idfield, idvalue, idpoi) VALUES (1,'in progress', 15, 304, 34);
INSERT INTO public.values(id, value, createddate, users_id) VALUES (305, '{"desc":"Jardins"}',  '01/01/2014' , 1 );
INSERT INTO public.contributions(version, status, idfield, idvalue, idpoi) VALUES (1,'in progress', 22, 305, 34);
INSERT INTO public.values(id, value, createddate, users_id) VALUES (306, '{"withchild":"1"}',  '01/01/2014' , 1 );
INSERT INTO public.contributions(version, status, idfield, idvalue, idpoi) VALUES (1,'in progress', 28, 306, 34);
INSERT INTO public.pois(id, tour_id, typespois_id) VALUES (35, '35', '1' );
INSERT INTO public.values(id, value, createddate, users_id) VALUES (307, '{"longitude":"5.41047176779811"}',  '01/01/2014' , 1 );
INSERT INTO public.contributions(version, status, idfield, idvalue, idpoi) VALUES (1,'in progress', 1, 307, 35);
INSERT INTO public.values(id, value, createddate, users_id) VALUES (308, '{"latitude":"43.2752718925058"}',  '01/01/2014' , 1 );
INSERT INTO public.contributions(version, status, idfield, idvalue, idpoi) VALUES (1,'in progress', 2, 308, 35);
INSERT INTO public.values(id, value, createddate, users_id) VALUES (309, '{"name":"Jardin de la Pauline"}',  '01/01/2014' , 1 );
INSERT INTO public.contributions(version, status, idfield, idvalue, idpoi) VALUES (1,'in progress', 3, 309, 35);
INSERT INTO public.values(id, value, createddate, users_id) VALUES (310, '{"visit_time_min":"20"}',  '01/01/2014' , 1 );
INSERT INTO public.contributions(version, status, idfield, idvalue, idpoi) VALUES (1,'in progress', 9, 310, 35);
INSERT INTO public.values(id, value, createddate, users_id) VALUES (311, '{"visit_time_max":"60"}',  '01/01/2014' , 1 );
INSERT INTO public.contributions(version, status, idfield, idvalue, idpoi) VALUES (1,'in progress', 10, 311, 35);
INSERT INTO public.values(id, value, createddate, users_id) VALUES (312, '{"street":"Boulevard Romain Rolland"}',  '01/01/2014' , 1 );
INSERT INTO public.contributions(version, status, idfield, idvalue, idpoi) VALUES (1,'in progress', 14, 312, 35);
INSERT INTO public.values(id, value, createddate, users_id) VALUES (313, '{"postal_code":"13009"}',  '01/01/2014' , 1 );
INSERT INTO public.contributions(version, status, idfield, idvalue, idpoi) VALUES (1,'in progress', 15, 313, 35);
INSERT INTO public.values(id, value, createddate, users_id) VALUES (314, '{"desc":"Jardins"}',  '01/01/2014' , 1 );
INSERT INTO public.contributions(version, status, idfield, idvalue, idpoi) VALUES (1,'in progress', 22, 314, 35);
INSERT INTO public.values(id, value, createddate, users_id) VALUES (315, '{"withchild":"1"}',  '01/01/2014' , 1 );
INSERT INTO public.contributions(version, status, idfield, idvalue, idpoi) VALUES (1,'in progress', 28, 315, 35);
INSERT INTO public.pois(id, tour_id, typespois_id) VALUES (36, '36', '1' );
INSERT INTO public.values(id, value, createddate, users_id) VALUES (316, '{"longitude":"5.41668640913032"}',  '01/01/2014' , 1 );
INSERT INTO public.contributions(version, status, idfield, idvalue, idpoi) VALUES (1,'in progress', 1, 316, 36);
INSERT INTO public.values(id, value, createddate, users_id) VALUES (317, '{"latitude":"43.2564504951141"}',  '01/01/2014' , 1 );
INSERT INTO public.contributions(version, status, idfield, idvalue, idpoi) VALUES (1,'in progress', 2, 317, 36);
INSERT INTO public.values(id, value, createddate, users_id) VALUES (318, '{"name":"Jardin Infossi"}',  '01/01/2014' , 1 );
INSERT INTO public.contributions(version, status, idfield, idvalue, idpoi) VALUES (1,'in progress', 3, 318, 36);
INSERT INTO public.values(id, value, createddate, users_id) VALUES (319, '{"visit_time_min":"20"}',  '01/01/2014' , 1 );
INSERT INTO public.contributions(version, status, idfield, idvalue, idpoi) VALUES (1,'in progress', 9, 319, 36);
INSERT INTO public.values(id, value, createddate, users_id) VALUES (320, '{"visit_time_max":"60"}',  '01/01/2014' , 1 );
INSERT INTO public.contributions(version, status, idfield, idvalue, idpoi) VALUES (1,'in progress', 10, 320, 36);
INSERT INTO public.values(id, value, createddate, users_id) VALUES (321, '{"street":"Traverse Alexis Breysse"}',  '01/01/2014' , 1 );
INSERT INTO public.contributions(version, status, idfield, idvalue, idpoi) VALUES (1,'in progress', 14, 321, 36);
INSERT INTO public.values(id, value, createddate, users_id) VALUES (322, '{"postal_code":"13009"}',  '01/01/2014' , 1 );
INSERT INTO public.contributions(version, status, idfield, idvalue, idpoi) VALUES (1,'in progress', 15, 322, 36);
INSERT INTO public.values(id, value, createddate, users_id) VALUES (323, '{"desc":"Jardins"}',  '01/01/2014' , 1 );
INSERT INTO public.contributions(version, status, idfield, idvalue, idpoi) VALUES (1,'in progress', 22, 323, 36);
INSERT INTO public.values(id, value, createddate, users_id) VALUES (324, '{"withchild":"1"}',  '01/01/2014' , 1 );
INSERT INTO public.contributions(version, status, idfield, idvalue, idpoi) VALUES (1,'in progress', 28, 324, 36);
INSERT INTO public.pois(id, tour_id, typespois_id) VALUES (37, '37', '1' );
INSERT INTO public.values(id, value, createddate, users_id) VALUES (325, '{"longitude":"5.40892895997661"}',  '01/01/2014' , 1 );
INSERT INTO public.contributions(version, status, idfield, idvalue, idpoi) VALUES (1,'in progress', 1, 325, 37);
INSERT INTO public.values(id, value, createddate, users_id) VALUES (326, '{"latitude":"43.3004382182519"}',  '01/01/2014' , 1 );
INSERT INTO public.contributions(version, status, idfield, idvalue, idpoi) VALUES (1,'in progress', 2, 326, 37);
INSERT INTO public.values(id, value, createddate, users_id) VALUES (327, '{"name":"Jardin Beau Sainte Elisabeth"}',  '01/01/2014' , 1 );
INSERT INTO public.contributions(version, status, idfield, idvalue, idpoi) VALUES (1,'in progress', 3, 327, 37);
INSERT INTO public.values(id, value, createddate, users_id) VALUES (328, '{"visit_time_min":"20"}',  '01/01/2014' , 1 );
INSERT INTO public.contributions(version, status, idfield, idvalue, idpoi) VALUES (1,'in progress', 9, 328, 37);
INSERT INTO public.values(id, value, createddate, users_id) VALUES (329, '{"visit_time_max":"60"}',  '01/01/2014' , 1 );
INSERT INTO public.contributions(version, status, idfield, idvalue, idpoi) VALUES (1,'in progress', 10, 329, 37);
INSERT INTO public.values(id, value, createddate, users_id) VALUES (330, '{"street":"Rue Beau"}',  '01/01/2014' , 1 );
INSERT INTO public.contributions(version, status, idfield, idvalue, idpoi) VALUES (1,'in progress', 14, 330, 37);
INSERT INTO public.values(id, value, createddate, users_id) VALUES (331, '{"postal_code":"13012"}',  '01/01/2014' , 1 );
INSERT INTO public.contributions(version, status, idfield, idvalue, idpoi) VALUES (1,'in progress', 15, 331, 37);
INSERT INTO public.values(id, value, createddate, users_id) VALUES (332, '{"desc":"Jardins"}',  '01/01/2014' , 1 );
INSERT INTO public.contributions(version, status, idfield, idvalue, idpoi) VALUES (1,'in progress', 22, 332, 37);
INSERT INTO public.values(id, value, createddate, users_id) VALUES (333, '{"withchild":"1"}',  '01/01/2014' , 1 );
INSERT INTO public.contributions(version, status, idfield, idvalue, idpoi) VALUES (1,'in progress', 28, 333, 37);
INSERT INTO public.pois(id, tour_id, typespois_id) VALUES (38, '38', '1' );
INSERT INTO public.values(id, value, createddate, users_id) VALUES (334, '{"longitude":"5.5134053312452"}',  '01/01/2014' , 1 );
INSERT INTO public.contributions(version, status, idfield, idvalue, idpoi) VALUES (1,'in progress', 1, 334, 38);
INSERT INTO public.values(id, value, createddate, users_id) VALUES (335, '{"latitude":"43.3023696852094"}',  '01/01/2014' , 1 );
INSERT INTO public.contributions(version, status, idfield, idvalue, idpoi) VALUES (1,'in progress', 2, 335, 38);
INSERT INTO public.values(id, value, createddate, users_id) VALUES (336, '{"name":"Jardin des Camoins"}',  '01/01/2014' , 1 );
INSERT INTO public.contributions(version, status, idfield, idvalue, idpoi) VALUES (1,'in progress', 3, 336, 38);
INSERT INTO public.values(id, value, createddate, users_id) VALUES (337, '{"visit_time_min":"20"}',  '01/01/2014' , 1 );
INSERT INTO public.contributions(version, status, idfield, idvalue, idpoi) VALUES (1,'in progress', 9, 337, 38);
INSERT INTO public.values(id, value, createddate, users_id) VALUES (338, '{"visit_time_max":"60"}',  '01/01/2014' , 1 );
INSERT INTO public.contributions(version, status, idfield, idvalue, idpoi) VALUES (1,'in progress', 10, 338, 38);
INSERT INTO public.values(id, value, createddate, users_id) VALUES (339, '{"street":"Chemin des Mines"}',  '01/01/2014' , 1 );
INSERT INTO public.contributions(version, status, idfield, idvalue, idpoi) VALUES (1,'in progress', 14, 339, 38);
INSERT INTO public.values(id, value, createddate, users_id) VALUES (340, '{"postal_code":"13011"}',  '01/01/2014' , 1 );
INSERT INTO public.contributions(version, status, idfield, idvalue, idpoi) VALUES (1,'in progress', 15, 340, 38);
INSERT INTO public.values(id, value, createddate, users_id) VALUES (341, '{"desc":"Jardins"}',  '01/01/2014' , 1 );
INSERT INTO public.contributions(version, status, idfield, idvalue, idpoi) VALUES (1,'in progress', 22, 341, 38);
INSERT INTO public.values(id, value, createddate, users_id) VALUES (342, '{"withchild":"1"}',  '01/01/2014' , 1 );
INSERT INTO public.contributions(version, status, idfield, idvalue, idpoi) VALUES (1,'in progress', 28, 342, 38);
INSERT INTO public.pois(id, tour_id, typespois_id) VALUES (39, '39', '1' );
INSERT INTO public.values(id, value, createddate, users_id) VALUES (343, '{"longitude":"5.40138827018078"}',  '01/01/2014' , 1 );
INSERT INTO public.contributions(version, status, idfield, idvalue, idpoi) VALUES (1,'in progress', 1, 343, 39);
INSERT INTO public.values(id, value, createddate, users_id) VALUES (344, '{"latitude":"43.2452531843801"}',  '01/01/2014' , 1 );
INSERT INTO public.contributions(version, status, idfield, idvalue, idpoi) VALUES (1,'in progress', 2, 344, 39);
INSERT INTO public.values(id, value, createddate, users_id) VALUES (345, '{"name":"Jardin Batani"}',  '01/01/2014' , 1 );
INSERT INTO public.contributions(version, status, idfield, idvalue, idpoi) VALUES (1,'in progress', 3, 345, 39);
INSERT INTO public.values(id, value, createddate, users_id) VALUES (346, '{"visit_time_min":"20"}',  '01/01/2014' , 1 );
INSERT INTO public.contributions(version, status, idfield, idvalue, idpoi) VALUES (1,'in progress', 9, 346, 39);
INSERT INTO public.values(id, value, createddate, users_id) VALUES (347, '{"visit_time_max":"60"}',  '01/01/2014' , 1 );
INSERT INTO public.contributions(version, status, idfield, idvalue, idpoi) VALUES (1,'in progress', 10, 347, 39);
INSERT INTO public.values(id, value, createddate, users_id) VALUES (348, '{"street":"Avenue de la Martheline"}',  '01/01/2014' , 1 );
INSERT INTO public.contributions(version, status, idfield, idvalue, idpoi) VALUES (1,'in progress', 14, 348, 39);
INSERT INTO public.values(id, value, createddate, users_id) VALUES (349, '{"postal_code":"13009"}',  '01/01/2014' , 1 );
INSERT INTO public.contributions(version, status, idfield, idvalue, idpoi) VALUES (1,'in progress', 15, 349, 39);
INSERT INTO public.values(id, value, createddate, users_id) VALUES (350, '{"desc":"Jardins"}',  '01/01/2014' , 1 );
INSERT INTO public.contributions(version, status, idfield, idvalue, idpoi) VALUES (1,'in progress', 22, 350, 39);
INSERT INTO public.values(id, value, createddate, users_id) VALUES (351, '{"withchild":"1"}',  '01/01/2014' , 1 );
INSERT INTO public.contributions(version, status, idfield, idvalue, idpoi) VALUES (1,'in progress', 28, 351, 39);
INSERT INTO public.pois(id, tour_id, typespois_id) VALUES (40, '40', '1' );
INSERT INTO public.values(id, value, createddate, users_id) VALUES (352, '{"longitude":"5.37512585283838"}',  '01/01/2014' , 1 );
INSERT INTO public.contributions(version, status, idfield, idvalue, idpoi) VALUES (1,'in progress', 1, 352, 40);
INSERT INTO public.values(id, value, createddate, users_id) VALUES (353, '{"latitude":"43.2977713736176"}',  '01/01/2014' , 1 );
INSERT INTO public.contributions(version, status, idfield, idvalue, idpoi) VALUES (1,'in progress', 2, 353, 40);
INSERT INTO public.values(id, value, createddate, users_id) VALUES (354, '{"name":"Jardin des Vestiges"}',  '01/01/2014' , 1 );
INSERT INTO public.contributions(version, status, idfield, idvalue, idpoi) VALUES (1,'in progress', 3, 354, 40);
INSERT INTO public.values(id, value, createddate, users_id) VALUES (355, '{"visit_time_min":"20"}',  '01/01/2014' , 1 );
INSERT INTO public.contributions(version, status, idfield, idvalue, idpoi) VALUES (1,'in progress', 9, 355, 40);
INSERT INTO public.values(id, value, createddate, users_id) VALUES (356, '{"visit_time_max":"60"}',  '01/01/2014' , 1 );
INSERT INTO public.contributions(version, status, idfield, idvalue, idpoi) VALUES (1,'in progress', 10, 356, 40);
INSERT INTO public.values(id, value, createddate, users_id) VALUES (357, '{"street":"Rue Henri Barbusse"}',  '01/01/2014' , 1 );
INSERT INTO public.contributions(version, status, idfield, idvalue, idpoi) VALUES (1,'in progress', 14, 357, 40);
INSERT INTO public.values(id, value, createddate, users_id) VALUES (358, '{"postal_code":"13001"}',  '01/01/2014' , 1 );
INSERT INTO public.contributions(version, status, idfield, idvalue, idpoi) VALUES (1,'in progress', 15, 358, 40);
INSERT INTO public.values(id, value, createddate, users_id) VALUES (359, '{"desc":"Jardins"}',  '01/01/2014' , 1 );
INSERT INTO public.contributions(version, status, idfield, idvalue, idpoi) VALUES (1,'in progress', 22, 359, 40);
INSERT INTO public.values(id, value, createddate, users_id) VALUES (360, '{"withchild":"1"}',  '01/01/2014' , 1 );
INSERT INTO public.contributions(version, status, idfield, idvalue, idpoi) VALUES (1,'in progress', 28, 360, 40);
INSERT INTO public.pois(id, tour_id, typespois_id) VALUES (41, '41', '1' );
INSERT INTO public.values(id, value, createddate, users_id) VALUES (361, '{"longitude":"5.41509555739496"}',  '01/01/2014' , 1 );
INSERT INTO public.contributions(version, status, idfield, idvalue, idpoi) VALUES (1,'in progress', 1, 361, 41);
INSERT INTO public.values(id, value, createddate, users_id) VALUES (362, '{"latitude":"43.2604784562081"}',  '01/01/2014' , 1 );
INSERT INTO public.contributions(version, status, idfield, idvalue, idpoi) VALUES (1,'in progress', 2, 362, 41);
INSERT INTO public.values(id, value, createddate, users_id) VALUES (363, '{"name":"Jardin du Cabot"}',  '01/01/2014' , 1 );
INSERT INTO public.contributions(version, status, idfield, idvalue, idpoi) VALUES (1,'in progress', 3, 363, 41);
INSERT INTO public.values(id, value, createddate, users_id) VALUES (364, '{"visit_time_min":"20"}',  '01/01/2014' , 1 );
INSERT INTO public.contributions(version, status, idfield, idvalue, idpoi) VALUES (1,'in progress', 9, 364, 41);
INSERT INTO public.values(id, value, createddate, users_id) VALUES (365, '{"visit_time_max":"60"}',  '01/01/2014' , 1 );
INSERT INTO public.contributions(version, status, idfield, idvalue, idpoi) VALUES (1,'in progress', 10, 365, 41);
INSERT INTO public.values(id, value, createddate, users_id) VALUES (366, '{"street":"Boulevard de la Gaye"}',  '01/01/2014' , 1 );
INSERT INTO public.contributions(version, status, idfield, idvalue, idpoi) VALUES (1,'in progress', 14, 366, 41);
INSERT INTO public.values(id, value, createddate, users_id) VALUES (367, '{"postal_code":"13009"}',  '01/01/2014' , 1 );
INSERT INTO public.contributions(version, status, idfield, idvalue, idpoi) VALUES (1,'in progress', 15, 367, 41);
INSERT INTO public.values(id, value, createddate, users_id) VALUES (368, '{"desc":"Jardins"}',  '01/01/2014' , 1 );
INSERT INTO public.contributions(version, status, idfield, idvalue, idpoi) VALUES (1,'in progress', 22, 368, 41);
INSERT INTO public.values(id, value, createddate, users_id) VALUES (369, '{"withchild":"1"}',  '01/01/2014' , 1 );
INSERT INTO public.contributions(version, status, idfield, idvalue, idpoi) VALUES (1,'in progress', 28, 369, 41);
INSERT INTO public.pois(id, tour_id, typespois_id) VALUES (42, '42', '1' );
INSERT INTO public.values(id, value, createddate, users_id) VALUES (370, '{"longitude":"5.38633368947835"}',  '01/01/2014' , 1 );
INSERT INTO public.contributions(version, status, idfield, idvalue, idpoi) VALUES (1,'in progress', 1, 370, 42);
INSERT INTO public.values(id, value, createddate, users_id) VALUES (371, '{"latitude":"43.2945554438636"}',  '01/01/2014' , 1 );
INSERT INTO public.contributions(version, status, idfield, idvalue, idpoi) VALUES (1,'in progress', 2, 371, 42);
INSERT INTO public.values(id, value, createddate, users_id) VALUES (372, '{"name":"Square Yves Montand"}',  '01/01/2014' , 1 );
INSERT INTO public.contributions(version, status, idfield, idvalue, idpoi) VALUES (1,'in progress', 3, 372, 42);
INSERT INTO public.values(id, value, createddate, users_id) VALUES (373, '{"visit_time_min":"20"}',  '01/01/2014' , 1 );
INSERT INTO public.contributions(version, status, idfield, idvalue, idpoi) VALUES (1,'in progress', 9, 373, 42);
INSERT INTO public.values(id, value, createddate, users_id) VALUES (374, '{"visit_time_max":"60"}',  '01/01/2014' , 1 );
INSERT INTO public.contributions(version, status, idfield, idvalue, idpoi) VALUES (1,'in progress', 10, 374, 42);
INSERT INTO public.values(id, value, createddate, users_id) VALUES (375, '{"street":"Place Jean Jaures"}',  '01/01/2014' , 1 );
INSERT INTO public.contributions(version, status, idfield, idvalue, idpoi) VALUES (1,'in progress', 14, 375, 42);
INSERT INTO public.values(id, value, createddate, users_id) VALUES (376, '{"postal_code":"13005"}',  '01/01/2014' , 1 );
INSERT INTO public.contributions(version, status, idfield, idvalue, idpoi) VALUES (1,'in progress', 15, 376, 42);
INSERT INTO public.values(id, value, createddate, users_id) VALUES (377, '{"desc":"Jardins"}',  '01/01/2014' , 1 );
INSERT INTO public.contributions(version, status, idfield, idvalue, idpoi) VALUES (1,'in progress', 22, 377, 42);
INSERT INTO public.values(id, value, createddate, users_id) VALUES (378, '{"withchild":"1"}',  '01/01/2014' , 1 );
INSERT INTO public.contributions(version, status, idfield, idvalue, idpoi) VALUES (1,'in progress', 28, 378, 42);
INSERT INTO public.pois(id, tour_id, typespois_id) VALUES (43, '43', '1' );
INSERT INTO public.values(id, value, createddate, users_id) VALUES (379, '{"longitude":"5.39144334698089"}',  '01/01/2014' , 1 );
INSERT INTO public.contributions(version, status, idfield, idvalue, idpoi) VALUES (1,'in progress', 1, 379, 43);
INSERT INTO public.values(id, value, createddate, users_id) VALUES (380, '{"latitude":"43.2468613139569"}',  '01/01/2014' , 1 );
INSERT INTO public.contributions(version, status, idfield, idvalue, idpoi) VALUES (1,'in progress', 2, 380, 43);
INSERT INTO public.values(id, value, createddate, users_id) VALUES (381, '{"name":"Jardin Z\u00e9natti"}',  '01/01/2014' , 1 );
INSERT INTO public.contributions(version, status, idfield, idvalue, idpoi) VALUES (1,'in progress', 3, 381, 43);
INSERT INTO public.values(id, value, createddate, users_id) VALUES (382, '{"visit_time_min":"20"}',  '01/01/2014' , 1 );
INSERT INTO public.contributions(version, status, idfield, idvalue, idpoi) VALUES (1,'in progress', 9, 382, 43);
INSERT INTO public.values(id, value, createddate, users_id) VALUES (383, '{"visit_time_max":"60"}',  '01/01/2014' , 1 );
INSERT INTO public.contributions(version, status, idfield, idvalue, idpoi) VALUES (1,'in progress', 10, 383, 43);
INSERT INTO public.values(id, value, createddate, users_id) VALUES (384, '{"street":"Avenue Andr\u00e9 Z\u00e9natti"}',  '01/01/2014' , 1 );
INSERT INTO public.contributions(version, status, idfield, idvalue, idpoi) VALUES (1,'in progress', 14, 384, 43);
INSERT INTO public.values(id, value, createddate, users_id) VALUES (385, '{"postal_code":"13008"}',  '01/01/2014' , 1 );
INSERT INTO public.contributions(version, status, idfield, idvalue, idpoi) VALUES (1,'in progress', 15, 385, 43);
INSERT INTO public.values(id, value, createddate, users_id) VALUES (386, '{"desc":"Jardins"}',  '01/01/2014' , 1 );
INSERT INTO public.contributions(version, status, idfield, idvalue, idpoi) VALUES (1,'in progress', 22, 386, 43);
INSERT INTO public.values(id, value, createddate, users_id) VALUES (387, '{"withchild":"1"}',  '01/01/2014' , 1 );
INSERT INTO public.contributions(version, status, idfield, idvalue, idpoi) VALUES (1,'in progress', 28, 387, 43);
INSERT INTO public.pois(id, tour_id, typespois_id) VALUES (44, '44', '1' );
INSERT INTO public.values(id, value, createddate, users_id) VALUES (388, '{"longitude":"5.34479254837428"}',  '01/01/2014' , 1 );
INSERT INTO public.contributions(version, status, idfield, idvalue, idpoi) VALUES (1,'in progress', 1, 388, 44);
INSERT INTO public.values(id, value, createddate, users_id) VALUES (389, '{"latitude":"43.3558192943796"}',  '01/01/2014' , 1 );
INSERT INTO public.contributions(version, status, idfield, idvalue, idpoi) VALUES (1,'in progress', 2, 389, 44);
INSERT INTO public.values(id, value, createddate, users_id) VALUES (390, '{"name":"Jardin Emmanuel Vitria"}',  '01/01/2014' , 1 );
INSERT INTO public.contributions(version, status, idfield, idvalue, idpoi) VALUES (1,'in progress', 3, 390, 44);
INSERT INTO public.values(id, value, createddate, users_id) VALUES (391, '{"visit_time_min":"20"}',  '01/01/2014' , 1 );
INSERT INTO public.contributions(version, status, idfield, idvalue, idpoi) VALUES (1,'in progress', 9, 391, 44);
INSERT INTO public.values(id, value, createddate, users_id) VALUES (392, '{"visit_time_max":"60"}',  '01/01/2014' , 1 );
INSERT INTO public.contributions(version, status, idfield, idvalue, idpoi) VALUES (1,'in progress', 10, 392, 44);
INSERT INTO public.values(id, value, createddate, users_id) VALUES (393, '{"street":"17 rue Condorcet"}',  '01/01/2014' , 1 );
INSERT INTO public.contributions(version, status, idfield, idvalue, idpoi) VALUES (1,'in progress', 14, 393, 44);
INSERT INTO public.values(id, value, createddate, users_id) VALUES (394, '{"postal_code":"13016"}',  '01/01/2014' , 1 );
INSERT INTO public.contributions(version, status, idfield, idvalue, idpoi) VALUES (1,'in progress', 15, 394, 44);
INSERT INTO public.values(id, value, createddate, users_id) VALUES (395, '{"desc":"Jardins"}',  '01/01/2014' , 1 );
INSERT INTO public.contributions(version, status, idfield, idvalue, idpoi) VALUES (1,'in progress', 22, 395, 44);
INSERT INTO public.values(id, value, createddate, users_id) VALUES (396, '{"withchild":"1"}',  '01/01/2014' , 1 );
INSERT INTO public.contributions(version, status, idfield, idvalue, idpoi) VALUES (1,'in progress', 28, 396, 44);
INSERT INTO public.pois(id, tour_id, typespois_id) VALUES (45, '45', '1' );
INSERT INTO public.values(id, value, createddate, users_id) VALUES (397, '{"longitude":"5.30800738956769"}',  '01/01/2014' , 1 );
INSERT INTO public.contributions(version, status, idfield, idvalue, idpoi) VALUES (1,'in progress', 1, 397, 45);
INSERT INTO public.values(id, value, createddate, users_id) VALUES (398, '{"latitude":"43.3640513553991"}',  '01/01/2014' , 1 );
INSERT INTO public.contributions(version, status, idfield, idvalue, idpoi) VALUES (1,'in progress', 2, 398, 45);
INSERT INTO public.values(id, value, createddate, users_id) VALUES (399, '{"name":"Jardin de la panetiere"}',  '01/01/2014' , 1 );
INSERT INTO public.contributions(version, status, idfield, idvalue, idpoi) VALUES (1,'in progress', 3, 399, 45);
INSERT INTO public.values(id, value, createddate, users_id) VALUES (400, '{"visit_time_min":"20"}',  '01/01/2014' , 1 );
INSERT INTO public.contributions(version, status, idfield, idvalue, idpoi) VALUES (1,'in progress', 9, 400, 45);
INSERT INTO public.values(id, value, createddate, users_id) VALUES (401, '{"visit_time_max":"60"}',  '01/01/2014' , 1 );
INSERT INTO public.contributions(version, status, idfield, idvalue, idpoi) VALUES (1,'in progress', 10, 401, 45);
INSERT INTO public.values(id, value, createddate, users_id) VALUES (402, '{"street":"Rue Raymond Fillat"}',  '01/01/2014' , 1 );
INSERT INTO public.contributions(version, status, idfield, idvalue, idpoi) VALUES (1,'in progress', 14, 402, 45);
INSERT INTO public.values(id, value, createddate, users_id) VALUES (403, '{"postal_code":"13016"}',  '01/01/2014' , 1 );
INSERT INTO public.contributions(version, status, idfield, idvalue, idpoi) VALUES (1,'in progress', 15, 403, 45);
INSERT INTO public.values(id, value, createddate, users_id) VALUES (404, '{"desc":"Jardins"}',  '01/01/2014' , 1 );
INSERT INTO public.contributions(version, status, idfield, idvalue, idpoi) VALUES (1,'in progress', 22, 404, 45);
INSERT INTO public.values(id, value, createddate, users_id) VALUES (405, '{"withchild":"1"}',  '01/01/2014' , 1 );
INSERT INTO public.contributions(version, status, idfield, idvalue, idpoi) VALUES (1,'in progress', 28, 405, 45);
INSERT INTO public.pois(id, tour_id, typespois_id) VALUES (46, '46', '1' );
INSERT INTO public.values(id, value, createddate, users_id) VALUES (406, '{"longitude":"5.419742968447"}',  '01/01/2014' , 1 );
INSERT INTO public.contributions(version, status, idfield, idvalue, idpoi) VALUES (1,'in progress', 1, 406, 46);
INSERT INTO public.values(id, value, createddate, users_id) VALUES (407, '{"latitude":"43.2637445397112"}',  '01/01/2014' , 1 );
INSERT INTO public.contributions(version, status, idfield, idvalue, idpoi) VALUES (1,'in progress', 2, 407, 46);
INSERT INTO public.values(id, value, createddate, users_id) VALUES (408, '{"name":"Jardin Parc Vert"}',  '01/01/2014' , 1 );
INSERT INTO public.contributions(version, status, idfield, idvalue, idpoi) VALUES (1,'in progress', 3, 408, 46);
INSERT INTO public.values(id, value, createddate, users_id) VALUES (409, '{"visit_time_min":"20"}',  '01/01/2014' , 1 );
INSERT INTO public.contributions(version, status, idfield, idvalue, idpoi) VALUES (1,'in progress', 9, 409, 46);
INSERT INTO public.values(id, value, createddate, users_id) VALUES (410, '{"visit_time_max":"60"}',  '01/01/2014' , 1 );
INSERT INTO public.contributions(version, status, idfield, idvalue, idpoi) VALUES (1,'in progress', 10, 410, 46);
INSERT INTO public.values(id, value, createddate, users_id) VALUES (411, '{"street":"Traverse R\u00e9gny"}',  '01/01/2014' , 1 );
INSERT INTO public.contributions(version, status, idfield, idvalue, idpoi) VALUES (1,'in progress', 14, 411, 46);
INSERT INTO public.values(id, value, createddate, users_id) VALUES (412, '{"postal_code":"13009"}',  '01/01/2014' , 1 );
INSERT INTO public.contributions(version, status, idfield, idvalue, idpoi) VALUES (1,'in progress', 15, 412, 46);
INSERT INTO public.values(id, value, createddate, users_id) VALUES (413, '{"desc":"Jardins"}',  '01/01/2014' , 1 );
INSERT INTO public.contributions(version, status, idfield, idvalue, idpoi) VALUES (1,'in progress', 22, 413, 46);
INSERT INTO public.values(id, value, createddate, users_id) VALUES (414, '{"withchild":"1"}',  '01/01/2014' , 1 );
INSERT INTO public.contributions(version, status, idfield, idvalue, idpoi) VALUES (1,'in progress', 28, 414, 46);
INSERT INTO public.pois(id, tour_id, typespois_id) VALUES (47, '47', '1' );
INSERT INTO public.values(id, value, createddate, users_id) VALUES (415, '{"longitude":"5.46466904872422"}',  '01/01/2014' , 1 );
INSERT INTO public.contributions(version, status, idfield, idvalue, idpoi) VALUES (1,'in progress', 1, 415, 47);
INSERT INTO public.values(id, value, createddate, users_id) VALUES (416, '{"latitude":"43.3126093217186"}',  '01/01/2014' , 1 );
INSERT INTO public.contributions(version, status, idfield, idvalue, idpoi) VALUES (1,'in progress', 2, 416, 47);
INSERT INTO public.values(id, value, createddate, users_id) VALUES (417, '{"name":"Jardin des Trois Lucs"}',  '01/01/2014' , 1 );
INSERT INTO public.contributions(version, status, idfield, idvalue, idpoi) VALUES (1,'in progress', 3, 417, 47);
INSERT INTO public.values(id, value, createddate, users_id) VALUES (418, '{"visit_time_min":"20"}',  '01/01/2014' , 1 );
INSERT INTO public.contributions(version, status, idfield, idvalue, idpoi) VALUES (1,'in progress', 9, 418, 47);
INSERT INTO public.values(id, value, createddate, users_id) VALUES (419, '{"visit_time_max":"60"}',  '01/01/2014' , 1 );
INSERT INTO public.contributions(version, status, idfield, idvalue, idpoi) VALUES (1,'in progress', 10, 419, 47);
INSERT INTO public.values(id, value, createddate, users_id) VALUES (420, '{"street":"Avenue des Poilus"}',  '01/01/2014' , 1 );
INSERT INTO public.contributions(version, status, idfield, idvalue, idpoi) VALUES (1,'in progress', 14, 420, 47);
INSERT INTO public.values(id, value, createddate, users_id) VALUES (421, '{"postal_code":"13012"}',  '01/01/2014' , 1 );
INSERT INTO public.contributions(version, status, idfield, idvalue, idpoi) VALUES (1,'in progress', 15, 421, 47);
INSERT INTO public.values(id, value, createddate, users_id) VALUES (422, '{"desc":"Jardins"}',  '01/01/2014' , 1 );
INSERT INTO public.contributions(version, status, idfield, idvalue, idpoi) VALUES (1,'in progress', 22, 422, 47);
INSERT INTO public.values(id, value, createddate, users_id) VALUES (423, '{"withchild":"1"}',  '01/01/2014' , 1 );
INSERT INTO public.contributions(version, status, idfield, idvalue, idpoi) VALUES (1,'in progress', 28, 423, 47);
INSERT INTO public.pois(id, tour_id, typespois_id) VALUES (48, '48', '1' );
INSERT INTO public.values(id, value, createddate, users_id) VALUES (424, '{"longitude":"5.35430325906427"}',  '01/01/2014' , 1 );
INSERT INTO public.contributions(version, status, idfield, idvalue, idpoi) VALUES (1,'in progress', 1, 424, 48);
INSERT INTO public.values(id, value, createddate, users_id) VALUES (425, '{"latitude":"43.2318209879213"}',  '01/01/2014' , 1 );
INSERT INTO public.contributions(version, status, idfield, idvalue, idpoi) VALUES (1,'in progress', 2, 425, 48);
INSERT INTO public.values(id, value, createddate, users_id) VALUES (426, '{"name":"Jardin Mont Rose"}',  '01/01/2014' , 1 );
INSERT INTO public.contributions(version, status, idfield, idvalue, idpoi) VALUES (1,'in progress', 3, 426, 48);
INSERT INTO public.values(id, value, createddate, users_id) VALUES (427, '{"visit_time_min":"20"}',  '01/01/2014' , 1 );
INSERT INTO public.contributions(version, status, idfield, idvalue, idpoi) VALUES (1,'in progress', 9, 427, 48);
INSERT INTO public.values(id, value, createddate, users_id) VALUES (428, '{"visit_time_max":"60"}',  '01/01/2014' , 1 );
INSERT INTO public.contributions(version, status, idfield, idvalue, idpoi) VALUES (1,'in progress', 10, 428, 48);
INSERT INTO public.values(id, value, createddate, users_id) VALUES (429, '{"street":"Rue Copello"}',  '01/01/2014' , 1 );
INSERT INTO public.contributions(version, status, idfield, idvalue, idpoi) VALUES (1,'in progress', 14, 429, 48);
INSERT INTO public.values(id, value, createddate, users_id) VALUES (430, '{"postal_code":"13008"}',  '01/01/2014' , 1 );
INSERT INTO public.contributions(version, status, idfield, idvalue, idpoi) VALUES (1,'in progress', 15, 430, 48);
INSERT INTO public.values(id, value, createddate, users_id) VALUES (431, '{"desc":"Jardins"}',  '01/01/2014' , 1 );
INSERT INTO public.contributions(version, status, idfield, idvalue, idpoi) VALUES (1,'in progress', 22, 431, 48);
INSERT INTO public.values(id, value, createddate, users_id) VALUES (432, '{"withchild":"1"}',  '01/01/2014' , 1 );
INSERT INTO public.contributions(version, status, idfield, idvalue, idpoi) VALUES (1,'in progress', 28, 432, 48);
INSERT INTO public.pois(id, tour_id, typespois_id) VALUES (49, '49', '1' );
INSERT INTO public.values(id, value, createddate, users_id) VALUES (433, '{"longitude":"5.39584009323043"}',  '01/01/2014' , 1 );
INSERT INTO public.contributions(version, status, idfield, idvalue, idpoi) VALUES (1,'in progress', 1, 433, 49);
INSERT INTO public.values(id, value, createddate, users_id) VALUES (434, '{"latitude":"43.275068456161"}',  '01/01/2014' , 1 );
INSERT INTO public.contributions(version, status, idfield, idvalue, idpoi) VALUES (1,'in progress', 2, 434, 49);
INSERT INTO public.values(id, value, createddate, users_id) VALUES (435, '{"name":"Square M\u00e9lizan"}',  '01/01/2014' , 1 );
INSERT INTO public.contributions(version, status, idfield, idvalue, idpoi) VALUES (1,'in progress', 3, 435, 49);
INSERT INTO public.values(id, value, createddate, users_id) VALUES (436, '{"visit_time_min":"20"}',  '01/01/2014' , 1 );
INSERT INTO public.contributions(version, status, idfield, idvalue, idpoi) VALUES (1,'in progress', 9, 436, 49);
INSERT INTO public.values(id, value, createddate, users_id) VALUES (437, '{"visit_time_max":"60"}',  '01/01/2014' , 1 );
INSERT INTO public.contributions(version, status, idfield, idvalue, idpoi) VALUES (1,'in progress', 10, 437, 49);
INSERT INTO public.values(id, value, createddate, users_id) VALUES (438, '{"street":"Boulevard Rabatau"}',  '01/01/2014' , 1 );
INSERT INTO public.contributions(version, status, idfield, idvalue, idpoi) VALUES (1,'in progress', 14, 438, 49);
INSERT INTO public.values(id, value, createddate, users_id) VALUES (439, '{"postal_code":"13008"}',  '01/01/2014' , 1 );
INSERT INTO public.contributions(version, status, idfield, idvalue, idpoi) VALUES (1,'in progress', 15, 439, 49);
INSERT INTO public.values(id, value, createddate, users_id) VALUES (440, '{"desc":"Jardins"}',  '01/01/2014' , 1 );
INSERT INTO public.contributions(version, status, idfield, idvalue, idpoi) VALUES (1,'in progress', 22, 440, 49);
INSERT INTO public.values(id, value, createddate, users_id) VALUES (441, '{"withchild":"1"}',  '01/01/2014' , 1 );
INSERT INTO public.contributions(version, status, idfield, idvalue, idpoi) VALUES (1,'in progress', 28, 441, 49);
INSERT INTO public.pois(id, tour_id, typespois_id) VALUES (50, '50', '1' );
INSERT INTO public.values(id, value, createddate, users_id) VALUES (442, '{"longitude":"5.36527507901787"}',  '01/01/2014' , 1 );
INSERT INTO public.contributions(version, status, idfield, idvalue, idpoi) VALUES (1,'in progress', 1, 442, 50);
INSERT INTO public.values(id, value, createddate, users_id) VALUES (443, '{"latitude":"43.383607095351"}',  '01/01/2014' , 1 );
INSERT INTO public.contributions(version, status, idfield, idvalue, idpoi) VALUES (1,'in progress', 2, 443, 50);
INSERT INTO public.values(id, value, createddate, users_id) VALUES (444, '{"name":"Jardin de la Bigotte"}',  '01/01/2014' , 1 );
INSERT INTO public.contributions(version, status, idfield, idvalue, idpoi) VALUES (1,'in progress', 3, 444, 50);
INSERT INTO public.values(id, value, createddate, users_id) VALUES (445, '{"visit_time_min":"20"}',  '01/01/2014' , 1 );
INSERT INTO public.contributions(version, status, idfield, idvalue, idpoi) VALUES (1,'in progress', 9, 445, 50);
INSERT INTO public.values(id, value, createddate, users_id) VALUES (446, '{"visit_time_max":"60"}',  '01/01/2014' , 1 );
INSERT INTO public.contributions(version, status, idfield, idvalue, idpoi) VALUES (1,'in progress', 10, 446, 50);
INSERT INTO public.values(id, value, createddate, users_id) VALUES (447, '{"street":"Chemin des Bourellys"}',  '01/01/2014' , 1 );
INSERT INTO public.contributions(version, status, idfield, idvalue, idpoi) VALUES (1,'in progress', 14, 447, 50);
INSERT INTO public.values(id, value, createddate, users_id) VALUES (448, '{"postal_code":"13015"}',  '01/01/2014' , 1 );
INSERT INTO public.contributions(version, status, idfield, idvalue, idpoi) VALUES (1,'in progress', 15, 448, 50);
INSERT INTO public.values(id, value, createddate, users_id) VALUES (449, '{"desc":"Jardins"}',  '01/01/2014' , 1 );
INSERT INTO public.contributions(version, status, idfield, idvalue, idpoi) VALUES (1,'in progress', 22, 449, 50);
INSERT INTO public.values(id, value, createddate, users_id) VALUES (450, '{"withchild":"1"}',  '01/01/2014' , 1 );
INSERT INTO public.contributions(version, status, idfield, idvalue, idpoi) VALUES (1,'in progress', 28, 450, 50);
INSERT INTO public.pois(id, tour_id, typespois_id) VALUES (51, '51', '1' );
INSERT INTO public.values(id, value, createddate, users_id) VALUES (451, '{"longitude":"5.40234031511993"}',  '01/01/2014' , 1 );
INSERT INTO public.contributions(version, status, idfield, idvalue, idpoi) VALUES (1,'in progress', 1, 451, 51);
INSERT INTO public.values(id, value, createddate, users_id) VALUES (452, '{"latitude":"43.2666597427594"}',  '01/01/2014' , 1 );
INSERT INTO public.contributions(version, status, idfield, idvalue, idpoi) VALUES (1,'in progress', 2, 452, 51);
INSERT INTO public.values(id, value, createddate, users_id) VALUES (453, '{"name":"Square Gustave Ganay"}',  '01/01/2014' , 1 );
INSERT INTO public.contributions(version, status, idfield, idvalue, idpoi) VALUES (1,'in progress', 3, 453, 51);
INSERT INTO public.values(id, value, createddate, users_id) VALUES (454, '{"visit_time_min":"20"}',  '01/01/2014' , 1 );
INSERT INTO public.contributions(version, status, idfield, idvalue, idpoi) VALUES (1,'in progress', 9, 454, 51);
INSERT INTO public.values(id, value, createddate, users_id) VALUES (455, '{"visit_time_max":"60"}',  '01/01/2014' , 1 );
INSERT INTO public.contributions(version, status, idfield, idvalue, idpoi) VALUES (1,'in progress', 10, 455, 51);
INSERT INTO public.values(id, value, createddate, users_id) VALUES (456, '{"street":"Boulevard Gustave Ganay"}',  '01/01/2014' , 1 );
INSERT INTO public.contributions(version, status, idfield, idvalue, idpoi) VALUES (1,'in progress', 14, 456, 51);
INSERT INTO public.values(id, value, createddate, users_id) VALUES (457, '{"postal_code":"13008"}',  '01/01/2014' , 1 );
INSERT INTO public.contributions(version, status, idfield, idvalue, idpoi) VALUES (1,'in progress', 15, 457, 51);
INSERT INTO public.values(id, value, createddate, users_id) VALUES (458, '{"desc":"Jardins"}',  '01/01/2014' , 1 );
INSERT INTO public.contributions(version, status, idfield, idvalue, idpoi) VALUES (1,'in progress', 22, 458, 51);
INSERT INTO public.values(id, value, createddate, users_id) VALUES (459, '{"withchild":"1"}',  '01/01/2014' , 1 );
INSERT INTO public.contributions(version, status, idfield, idvalue, idpoi) VALUES (1,'in progress', 28, 459, 51);
INSERT INTO public.pois(id, tour_id, typespois_id) VALUES (52, '52', '1' );
INSERT INTO public.values(id, value, createddate, users_id) VALUES (460, '{"longitude":"5.38443070272438"}',  '01/01/2014' , 1 );
INSERT INTO public.contributions(version, status, idfield, idvalue, idpoi) VALUES (1,'in progress', 1, 460, 52);
INSERT INTO public.values(id, value, createddate, users_id) VALUES (461, '{"latitude":"43.3010152407048"}',  '01/01/2014' , 1 );
INSERT INTO public.contributions(version, status, idfield, idvalue, idpoi) VALUES (1,'in progress', 2, 461, 52);
INSERT INTO public.values(id, value, createddate, users_id) VALUES (462, '{"name":"Jardin Labadie"}',  '01/01/2014' , 1 );
INSERT INTO public.contributions(version, status, idfield, idvalue, idpoi) VALUES (1,'in progress', 3, 462, 52);
INSERT INTO public.values(id, value, createddate, users_id) VALUES (463, '{"visit_time_min":"20"}',  '01/01/2014' , 1 );
INSERT INTO public.contributions(version, status, idfield, idvalue, idpoi) VALUES (1,'in progress', 9, 463, 52);
INSERT INTO public.values(id, value, createddate, users_id) VALUES (464, '{"visit_time_max":"60"}',  '01/01/2014' , 1 );
INSERT INTO public.contributions(version, status, idfield, idvalue, idpoi) VALUES (1,'in progress', 10, 464, 52);
INSERT INTO public.values(id, value, createddate, users_id) VALUES (465, '{"street":"Place Labadie"}',  '01/01/2014' , 1 );
INSERT INTO public.contributions(version, status, idfield, idvalue, idpoi) VALUES (1,'in progress', 14, 465, 52);
INSERT INTO public.values(id, value, createddate, users_id) VALUES (466, '{"postal_code":"13001"}',  '01/01/2014' , 1 );
INSERT INTO public.contributions(version, status, idfield, idvalue, idpoi) VALUES (1,'in progress', 15, 466, 52);
INSERT INTO public.values(id, value, createddate, users_id) VALUES (467, '{"desc":"Jardins"}',  '01/01/2014' , 1 );
INSERT INTO public.contributions(version, status, idfield, idvalue, idpoi) VALUES (1,'in progress', 22, 467, 52);
INSERT INTO public.values(id, value, createddate, users_id) VALUES (468, '{"withchild":"1"}',  '01/01/2014' , 1 );
INSERT INTO public.contributions(version, status, idfield, idvalue, idpoi) VALUES (1,'in progress', 28, 468, 52);
INSERT INTO public.pois(id, tour_id, typespois_id) VALUES (53, '53', '1' );
INSERT INTO public.values(id, value, createddate, users_id) VALUES (469, '{"longitude":"5.35503312988143"}',  '01/01/2014' , 1 );
INSERT INTO public.contributions(version, status, idfield, idvalue, idpoi) VALUES (1,'in progress', 1, 469, 53);
INSERT INTO public.values(id, value, createddate, users_id) VALUES (470, '{"latitude":"43.3363190321015"}',  '01/01/2014' , 1 );
INSERT INTO public.contributions(version, status, idfield, idvalue, idpoi) VALUES (1,'in progress', 2, 470, 53);
INSERT INTO public.values(id, value, createddate, users_id) VALUES (471, '{"name":"Jardin Bernabo"}',  '01/01/2014' , 1 );
INSERT INTO public.contributions(version, status, idfield, idvalue, idpoi) VALUES (1,'in progress', 3, 471, 53);
INSERT INTO public.values(id, value, createddate, users_id) VALUES (472, '{"visit_time_min":"20"}',  '01/01/2014' , 1 );
INSERT INTO public.contributions(version, status, idfield, idvalue, idpoi) VALUES (1,'in progress', 9, 472, 53);
INSERT INTO public.values(id, value, createddate, users_id) VALUES (473, '{"visit_time_max":"60"}',  '01/01/2014' , 1 );
INSERT INTO public.contributions(version, status, idfield, idvalue, idpoi) VALUES (1,'in progress', 10, 473, 53);
INSERT INTO public.values(id, value, createddate, users_id) VALUES (474, '{"street":"Boulevard Bernabo"}',  '01/01/2014' , 1 );
INSERT INTO public.contributions(version, status, idfield, idvalue, idpoi) VALUES (1,'in progress', 14, 474, 53);
INSERT INTO public.values(id, value, createddate, users_id) VALUES (475, '{"postal_code":"13015"}',  '01/01/2014' , 1 );
INSERT INTO public.contributions(version, status, idfield, idvalue, idpoi) VALUES (1,'in progress', 15, 475, 53);
INSERT INTO public.values(id, value, createddate, users_id) VALUES (476, '{"desc":"Jardins"}',  '01/01/2014' , 1 );
INSERT INTO public.contributions(version, status, idfield, idvalue, idpoi) VALUES (1,'in progress', 22, 476, 53);
INSERT INTO public.values(id, value, createddate, users_id) VALUES (477, '{"withchild":"1"}',  '01/01/2014' , 1 );
INSERT INTO public.contributions(version, status, idfield, idvalue, idpoi) VALUES (1,'in progress', 28, 477, 53);
INSERT INTO public.pois(id, tour_id, typespois_id) VALUES (54, '54', '1' );
INSERT INTO public.values(id, value, createddate, users_id) VALUES (478, '{"longitude":"5.41049646524041"}',  '01/01/2014' , 1 );
INSERT INTO public.contributions(version, status, idfield, idvalue, idpoi) VALUES (1,'in progress', 1, 478, 54);
INSERT INTO public.values(id, value, createddate, users_id) VALUES (479, '{"latitude":"43.2799006250579"}',  '01/01/2014' , 1 );
INSERT INTO public.contributions(version, status, idfield, idvalue, idpoi) VALUES (1,'in progress', 2, 479, 54);
INSERT INTO public.values(id, value, createddate, users_id) VALUES (480, '{"name":"Jardin de la Capelette"}',  '01/01/2014' , 1 );
INSERT INTO public.contributions(version, status, idfield, idvalue, idpoi) VALUES (1,'in progress', 3, 480, 54);
INSERT INTO public.values(id, value, createddate, users_id) VALUES (481, '{"visit_time_min":"20"}',  '01/01/2014' , 1 );
INSERT INTO public.contributions(version, status, idfield, idvalue, idpoi) VALUES (1,'in progress', 9, 481, 54);
INSERT INTO public.values(id, value, createddate, users_id) VALUES (482, '{"visit_time_max":"60"}',  '01/01/2014' , 1 );
INSERT INTO public.contributions(version, status, idfield, idvalue, idpoi) VALUES (1,'in progress', 10, 482, 54);
INSERT INTO public.values(id, value, createddate, users_id) VALUES (483, '{"street":"Avenue de la Capelette"}',  '01/01/2014' , 1 );
INSERT INTO public.contributions(version, status, idfield, idvalue, idpoi) VALUES (1,'in progress', 14, 483, 54);
INSERT INTO public.values(id, value, createddate, users_id) VALUES (484, '{"postal_code":"13010"}',  '01/01/2014' , 1 );
INSERT INTO public.contributions(version, status, idfield, idvalue, idpoi) VALUES (1,'in progress', 15, 484, 54);
INSERT INTO public.values(id, value, createddate, users_id) VALUES (485, '{"desc":"Jardins"}',  '01/01/2014' , 1 );
INSERT INTO public.contributions(version, status, idfield, idvalue, idpoi) VALUES (1,'in progress', 22, 485, 54);
INSERT INTO public.values(id, value, createddate, users_id) VALUES (486, '{"withchild":"1"}',  '01/01/2014' , 1 );
INSERT INTO public.contributions(version, status, idfield, idvalue, idpoi) VALUES (1,'in progress', 28, 486, 54);
INSERT INTO public.pois(id, tour_id, typespois_id) VALUES (55, '55', '1' );
INSERT INTO public.values(id, value, createddate, users_id) VALUES (487, '{"longitude":"5.3666126648995"}',  '01/01/2014' , 1 );
INSERT INTO public.contributions(version, status, idfield, idvalue, idpoi) VALUES (1,'in progress', 1, 487, 55);
INSERT INTO public.values(id, value, createddate, users_id) VALUES (488, '{"latitude":"43.2897688494206"}',  '01/01/2014' , 1 );
INSERT INTO public.contributions(version, status, idfield, idvalue, idpoi) VALUES (1,'in progress', 2, 488, 55);
INSERT INTO public.values(id, value, createddate, users_id) VALUES (489, '{"name":"Jardin de la Corderie"}',  '01/01/2014' , 1 );
INSERT INTO public.contributions(version, status, idfield, idvalue, idpoi) VALUES (1,'in progress', 3, 489, 55);
INSERT INTO public.values(id, value, createddate, users_id) VALUES (490, '{"visit_time_min":"20"}',  '01/01/2014' , 1 );
INSERT INTO public.contributions(version, status, idfield, idvalue, idpoi) VALUES (1,'in progress', 9, 490, 55);
INSERT INTO public.values(id, value, createddate, users_id) VALUES (491, '{"visit_time_max":"60"}',  '01/01/2014' , 1 );
INSERT INTO public.contributions(version, status, idfield, idvalue, idpoi) VALUES (1,'in progress', 10, 491, 55);
INSERT INTO public.values(id, value, createddate, users_id) VALUES (492, '{"street":"Boulevard de la Corderie"}',  '01/01/2014' , 1 );
INSERT INTO public.contributions(version, status, idfield, idvalue, idpoi) VALUES (1,'in progress', 14, 492, 55);
INSERT INTO public.values(id, value, createddate, users_id) VALUES (493, '{"postal_code":"13007"}',  '01/01/2014' , 1 );
INSERT INTO public.contributions(version, status, idfield, idvalue, idpoi) VALUES (1,'in progress', 15, 493, 55);
INSERT INTO public.values(id, value, createddate, users_id) VALUES (494, '{"desc":"Jardins"}',  '01/01/2014' , 1 );
INSERT INTO public.contributions(version, status, idfield, idvalue, idpoi) VALUES (1,'in progress', 22, 494, 55);
INSERT INTO public.values(id, value, createddate, users_id) VALUES (495, '{"withchild":"1"}',  '01/01/2014' , 1 );
INSERT INTO public.contributions(version, status, idfield, idvalue, idpoi) VALUES (1,'in progress', 28, 495, 55);
INSERT INTO public.pois(id, tour_id, typespois_id) VALUES (56, '56', '1' );
INSERT INTO public.values(id, value, createddate, users_id) VALUES (496, '{"longitude":"5.41401391587822"}',  '01/01/2014' , 1 );
INSERT INTO public.contributions(version, status, idfield, idvalue, idpoi) VALUES (1,'in progress', 1, 496, 56);
INSERT INTO public.values(id, value, createddate, users_id) VALUES (497, '{"latitude":"43.29799849038"}',  '01/01/2014' , 1 );
INSERT INTO public.contributions(version, status, idfield, idvalue, idpoi) VALUES (1,'in progress', 2, 497, 56);
INSERT INTO public.values(id, value, createddate, users_id) VALUES (498, '{"name":"Jardin F\u00e9licien David"}',  '01/01/2014' , 1 );
INSERT INTO public.contributions(version, status, idfield, idvalue, idpoi) VALUES (1,'in progress', 3, 498, 56);
INSERT INTO public.values(id, value, createddate, users_id) VALUES (499, '{"visit_time_min":"20"}',  '01/01/2014' , 1 );
INSERT INTO public.contributions(version, status, idfield, idvalue, idpoi) VALUES (1,'in progress', 9, 499, 56);
INSERT INTO public.values(id, value, createddate, users_id) VALUES (500, '{"visit_time_max":"60"}',  '01/01/2014' , 1 );
INSERT INTO public.contributions(version, status, idfield, idvalue, idpoi) VALUES (1,'in progress', 10, 500, 56);
INSERT INTO public.values(id, value, createddate, users_id) VALUES (501, '{"street":"Boulevard d\u0027Ha\u00d4ti"}',  '01/01/2014' , 1 );
INSERT INTO public.contributions(version, status, idfield, idvalue, idpoi) VALUES (1,'in progress', 14, 501, 56);
INSERT INTO public.values(id, value, createddate, users_id) VALUES (502, '{"postal_code":"13012"}',  '01/01/2014' , 1 );
INSERT INTO public.contributions(version, status, idfield, idvalue, idpoi) VALUES (1,'in progress', 15, 502, 56);
INSERT INTO public.values(id, value, createddate, users_id) VALUES (503, '{"desc":"Jardins"}',  '01/01/2014' , 1 );
INSERT INTO public.contributions(version, status, idfield, idvalue, idpoi) VALUES (1,'in progress', 22, 503, 56);
INSERT INTO public.values(id, value, createddate, users_id) VALUES (504, '{"withchild":"1"}',  '01/01/2014' , 1 );
INSERT INTO public.contributions(version, status, idfield, idvalue, idpoi) VALUES (1,'in progress', 28, 504, 56);
INSERT INTO public.pois(id, tour_id, typespois_id) VALUES (57, '57', '1' );
INSERT INTO public.values(id, value, createddate, users_id) VALUES (505, '{"longitude":"5.35808232614694"}',  '01/01/2014' , 1 );
INSERT INTO public.contributions(version, status, idfield, idvalue, idpoi) VALUES (1,'in progress', 1, 505, 57);
INSERT INTO public.values(id, value, createddate, users_id) VALUES (506, '{"latitude":"43.3585351643871"}',  '01/01/2014' , 1 );
INSERT INTO public.contributions(version, status, idfield, idvalue, idpoi) VALUES (1,'in progress', 2, 506, 57);
INSERT INTO public.values(id, value, createddate, users_id) VALUES (507, '{"name":"Jardin Gavot"}',  '01/01/2014' , 1 );
INSERT INTO public.contributions(version, status, idfield, idvalue, idpoi) VALUES (1,'in progress', 3, 507, 57);
INSERT INTO public.values(id, value, createddate, users_id) VALUES (508, '{"visit_time_min":"20"}',  '01/01/2014' , 1 );
INSERT INTO public.contributions(version, status, idfield, idvalue, idpoi) VALUES (1,'in progress', 9, 508, 57);
INSERT INTO public.values(id, value, createddate, users_id) VALUES (509, '{"visit_time_max":"60"}',  '01/01/2014' , 1 );
INSERT INTO public.contributions(version, status, idfield, idvalue, idpoi) VALUES (1,'in progress', 10, 509, 57);
INSERT INTO public.values(id, value, createddate, users_id) VALUES (510, '{"street":"90 chemin de la Viste"}',  '01/01/2014' , 1 );
INSERT INTO public.contributions(version, status, idfield, idvalue, idpoi) VALUES (1,'in progress', 14, 510, 57);
INSERT INTO public.values(id, value, createddate, users_id) VALUES (511, '{"postal_code":"13015"}',  '01/01/2014' , 1 );
INSERT INTO public.contributions(version, status, idfield, idvalue, idpoi) VALUES (1,'in progress', 15, 511, 57);
INSERT INTO public.values(id, value, createddate, users_id) VALUES (512, '{"desc":"Jardins"}',  '01/01/2014' , 1 );
INSERT INTO public.contributions(version, status, idfield, idvalue, idpoi) VALUES (1,'in progress', 22, 512, 57);
INSERT INTO public.values(id, value, createddate, users_id) VALUES (513, '{"withchild":"1"}',  '01/01/2014' , 1 );
INSERT INTO public.contributions(version, status, idfield, idvalue, idpoi) VALUES (1,'in progress', 28, 513, 57);
INSERT INTO public.pois(id, tour_id, typespois_id) VALUES (58, '58', '1' );
INSERT INTO public.values(id, value, createddate, users_id) VALUES (514, '{"longitude":"5.37431972680875"}',  '01/01/2014' , 1 );
INSERT INTO public.contributions(version, status, idfield, idvalue, idpoi) VALUES (1,'in progress', 1, 514, 58);
INSERT INTO public.values(id, value, createddate, users_id) VALUES (515, '{"latitude":"43.2846697361269"}',  '01/01/2014' , 1 );
INSERT INTO public.contributions(version, status, idfield, idvalue, idpoi) VALUES (1,'in progress', 2, 515, 58);
INSERT INTO public.values(id, value, createddate, users_id) VALUES (516, '{"name":"Jardin Jules Moulet"}',  '01/01/2014' , 1 );
INSERT INTO public.contributions(version, status, idfield, idvalue, idpoi) VALUES (1,'in progress', 3, 516, 58);
INSERT INTO public.values(id, value, createddate, users_id) VALUES (517, '{"visit_time_min":"20"}',  '01/01/2014' , 1 );
INSERT INTO public.contributions(version, status, idfield, idvalue, idpoi) VALUES (1,'in progress', 9, 517, 58);
INSERT INTO public.values(id, value, createddate, users_id) VALUES (518, '{"visit_time_max":"60"}',  '01/01/2014' , 1 );
INSERT INTO public.contributions(version, status, idfield, idvalue, idpoi) VALUES (1,'in progress', 10, 518, 58);
INSERT INTO public.values(id, value, createddate, users_id) VALUES (519, '{"street":"Rue Jules Moulet"}',  '01/01/2014' , 1 );
INSERT INTO public.contributions(version, status, idfield, idvalue, idpoi) VALUES (1,'in progress', 14, 519, 58);
INSERT INTO public.values(id, value, createddate, users_id) VALUES (520, '{"postal_code":"13006"}',  '01/01/2014' , 1 );
INSERT INTO public.contributions(version, status, idfield, idvalue, idpoi) VALUES (1,'in progress', 15, 520, 58);
INSERT INTO public.values(id, value, createddate, users_id) VALUES (521, '{"desc":"Jardins"}',  '01/01/2014' , 1 );
INSERT INTO public.contributions(version, status, idfield, idvalue, idpoi) VALUES (1,'in progress', 22, 521, 58);
INSERT INTO public.values(id, value, createddate, users_id) VALUES (522, '{"withchild":"1"}',  '01/01/2014' , 1 );
INSERT INTO public.contributions(version, status, idfield, idvalue, idpoi) VALUES (1,'in progress', 28, 522, 58);
INSERT INTO public.pois(id, tour_id, typespois_id) VALUES (59, '59', '1' );
INSERT INTO public.values(id, value, createddate, users_id) VALUES (523, '{"longitude":"5.48091423036673"}',  '01/01/2014' , 1 );
INSERT INTO public.contributions(version, status, idfield, idvalue, idpoi) VALUES (1,'in progress', 1, 523, 59);
INSERT INTO public.values(id, value, createddate, users_id) VALUES (524, '{"latitude":"43.2852696022499"}',  '01/01/2014' , 1 );
INSERT INTO public.contributions(version, status, idfield, idvalue, idpoi) VALUES (1,'in progress', 2, 524, 59);
INSERT INTO public.values(id, value, createddate, users_id) VALUES (525, '{"name":"Jardin de la Barasse"}',  '01/01/2014' , 1 );
INSERT INTO public.contributions(version, status, idfield, idvalue, idpoi) VALUES (1,'in progress', 3, 525, 59);
INSERT INTO public.values(id, value, createddate, users_id) VALUES (526, '{"visit_time_min":"20"}',  '01/01/2014' , 1 );
INSERT INTO public.contributions(version, status, idfield, idvalue, idpoi) VALUES (1,'in progress', 9, 526, 59);
INSERT INTO public.values(id, value, createddate, users_id) VALUES (527, '{"visit_time_max":"60"}',  '01/01/2014' , 1 );
INSERT INTO public.contributions(version, status, idfield, idvalue, idpoi) VALUES (1,'in progress', 10, 527, 59);
INSERT INTO public.values(id, value, createddate, users_id) VALUES (528, '{"street":"Boulevard de la Barasse"}',  '01/01/2014' , 1 );
INSERT INTO public.contributions(version, status, idfield, idvalue, idpoi) VALUES (1,'in progress', 14, 528, 59);
INSERT INTO public.values(id, value, createddate, users_id) VALUES (529, '{"postal_code":"13011"}',  '01/01/2014' , 1 );
INSERT INTO public.contributions(version, status, idfield, idvalue, idpoi) VALUES (1,'in progress', 15, 529, 59);
INSERT INTO public.values(id, value, createddate, users_id) VALUES (530, '{"desc":"Jardins"}',  '01/01/2014' , 1 );
INSERT INTO public.contributions(version, status, idfield, idvalue, idpoi) VALUES (1,'in progress', 22, 530, 59);
INSERT INTO public.values(id, value, createddate, users_id) VALUES (531, '{"withchild":"1"}',  '01/01/2014' , 1 );
INSERT INTO public.contributions(version, status, idfield, idvalue, idpoi) VALUES (1,'in progress', 28, 531, 59);
INSERT INTO public.pois(id, tour_id, typespois_id) VALUES (60, '60', '1' );
INSERT INTO public.values(id, value, createddate, users_id) VALUES (532, '{"longitude":"5.39871302934752"}',  '01/01/2014' , 1 );
INSERT INTO public.contributions(version, status, idfield, idvalue, idpoi) VALUES (1,'in progress', 1, 532, 60);
INSERT INTO public.values(id, value, createddate, users_id) VALUES (533, '{"latitude":"43.2616428480728"}',  '01/01/2014' , 1 );
INSERT INTO public.contributions(version, status, idfield, idvalue, idpoi) VALUES (1,'in progress', 2, 533, 60);
INSERT INTO public.values(id, value, createddate, users_id) VALUES (534, '{"name":"Jardin de la Magalone"}',  '01/01/2014' , 1 );
INSERT INTO public.contributions(version, status, idfield, idvalue, idpoi) VALUES (1,'in progress', 3, 534, 60);
INSERT INTO public.values(id, value, createddate, users_id) VALUES (535, '{"visit_time_min":"20"}',  '01/01/2014' , 1 );
INSERT INTO public.contributions(version, status, idfield, idvalue, idpoi) VALUES (1,'in progress', 9, 535, 60);
INSERT INTO public.values(id, value, createddate, users_id) VALUES (536, '{"visit_time_max":"60"}',  '01/01/2014' , 1 );
INSERT INTO public.contributions(version, status, idfield, idvalue, idpoi) VALUES (1,'in progress', 10, 536, 60);
INSERT INTO public.values(id, value, createddate, users_id) VALUES (537, '{"street":"Boulevard Michelet"}',  '01/01/2014' , 1 );
INSERT INTO public.contributions(version, status, idfield, idvalue, idpoi) VALUES (1,'in progress', 14, 537, 60);
INSERT INTO public.values(id, value, createddate, users_id) VALUES (538, '{"postal_code":"13009"}',  '01/01/2014' , 1 );
INSERT INTO public.contributions(version, status, idfield, idvalue, idpoi) VALUES (1,'in progress', 15, 538, 60);
INSERT INTO public.values(id, value, createddate, users_id) VALUES (539, '{"desc":"Jardins"}',  '01/01/2014' , 1 );
INSERT INTO public.contributions(version, status, idfield, idvalue, idpoi) VALUES (1,'in progress', 22, 539, 60);
INSERT INTO public.values(id, value, createddate, users_id) VALUES (540, '{"withchild":"1"}',  '01/01/2014' , 1 );
INSERT INTO public.contributions(version, status, idfield, idvalue, idpoi) VALUES (1,'in progress', 28, 540, 60);
INSERT INTO public.pois(id, tour_id, typespois_id) VALUES (61, '61', '1' );
INSERT INTO public.values(id, value, createddate, users_id) VALUES (541, '{"longitude":"5.38781622416873"}',  '01/01/2014' , 1 );
INSERT INTO public.contributions(version, status, idfield, idvalue, idpoi) VALUES (1,'in progress', 1, 541, 61);
INSERT INTO public.values(id, value, createddate, users_id) VALUES (542, '{"latitude":"43.2484879524974"}',  '01/01/2014' , 1 );
INSERT INTO public.contributions(version, status, idfield, idvalue, idpoi) VALUES (1,'in progress', 2, 542, 61);
INSERT INTO public.values(id, value, createddate, users_id) VALUES (543, '{"name":"Jardin Joseph Chabaud"}',  '01/01/2014' , 1 );
INSERT INTO public.contributions(version, status, idfield, idvalue, idpoi) VALUES (1,'in progress', 3, 543, 61);
INSERT INTO public.values(id, value, createddate, users_id) VALUES (544, '{"visit_time_min":"20"}',  '01/01/2014' , 1 );
INSERT INTO public.contributions(version, status, idfield, idvalue, idpoi) VALUES (1,'in progress', 9, 544, 61);
INSERT INTO public.values(id, value, createddate, users_id) VALUES (545, '{"visit_time_max":"60"}',  '01/01/2014' , 1 );
INSERT INTO public.contributions(version, status, idfield, idvalue, idpoi) VALUES (1,'in progress', 10, 545, 61);
INSERT INTO public.values(id, value, createddate, users_id) VALUES (546, '{"street":"Avenue Elsa Triolet"}',  '01/01/2014' , 1 );
INSERT INTO public.contributions(version, status, idfield, idvalue, idpoi) VALUES (1,'in progress', 14, 546, 61);
INSERT INTO public.values(id, value, createddate, users_id) VALUES (547, '{"postal_code":"13008"}',  '01/01/2014' , 1 );
INSERT INTO public.contributions(version, status, idfield, idvalue, idpoi) VALUES (1,'in progress', 15, 547, 61);
INSERT INTO public.values(id, value, createddate, users_id) VALUES (548, '{"desc":"Jardins"}',  '01/01/2014' , 1 );
INSERT INTO public.contributions(version, status, idfield, idvalue, idpoi) VALUES (1,'in progress', 22, 548, 61);
INSERT INTO public.values(id, value, createddate, users_id) VALUES (549, '{"withchild":"1"}',  '01/01/2014' , 1 );
INSERT INTO public.contributions(version, status, idfield, idvalue, idpoi) VALUES (1,'in progress', 28, 549, 61);
INSERT INTO public.pois(id, tour_id, typespois_id) VALUES (62, '62', '1' );
INSERT INTO public.values(id, value, createddate, users_id) VALUES (550, '{"longitude":"5.38722015049222"}',  '01/01/2014' , 1 );
INSERT INTO public.contributions(version, status, idfield, idvalue, idpoi) VALUES (1,'in progress', 1, 550, 62);
INSERT INTO public.values(id, value, createddate, users_id) VALUES (551, '{"latitude":"43.2760875449284"}',  '01/01/2014' , 1 );
INSERT INTO public.contributions(version, status, idfield, idvalue, idpoi) VALUES (1,'in progress', 2, 551, 62);
INSERT INTO public.values(id, value, createddate, users_id) VALUES (552, '{"name":"Square Lord Duveen"}',  '01/01/2014' , 1 );
INSERT INTO public.contributions(version, status, idfield, idvalue, idpoi) VALUES (1,'in progress', 3, 552, 62);
INSERT INTO public.values(id, value, createddate, users_id) VALUES (553, '{"visit_time_min":"20"}',  '01/01/2014' , 1 );
INSERT INTO public.contributions(version, status, idfield, idvalue, idpoi) VALUES (1,'in progress', 9, 553, 62);
INSERT INTO public.values(id, value, createddate, users_id) VALUES (554, '{"visit_time_max":"60"}',  '01/01/2014' , 1 );
INSERT INTO public.contributions(version, status, idfield, idvalue, idpoi) VALUES (1,'in progress', 10, 554, 62);
INSERT INTO public.values(id, value, createddate, users_id) VALUES (555, '{"street":"Boulevard Lord Duveen"}',  '01/01/2014' , 1 );
INSERT INTO public.contributions(version, status, idfield, idvalue, idpoi) VALUES (1,'in progress', 14, 555, 62);
INSERT INTO public.values(id, value, createddate, users_id) VALUES (556, '{"postal_code":"13008"}',  '01/01/2014' , 1 );
INSERT INTO public.contributions(version, status, idfield, idvalue, idpoi) VALUES (1,'in progress', 15, 556, 62);
INSERT INTO public.values(id, value, createddate, users_id) VALUES (557, '{"desc":"Jardins"}',  '01/01/2014' , 1 );
INSERT INTO public.contributions(version, status, idfield, idvalue, idpoi) VALUES (1,'in progress', 22, 557, 62);
INSERT INTO public.values(id, value, createddate, users_id) VALUES (558, '{"withchild":"1"}',  '01/01/2014' , 1 );
INSERT INTO public.contributions(version, status, idfield, idvalue, idpoi) VALUES (1,'in progress', 28, 558, 62);
INSERT INTO public.pois(id, tour_id, typespois_id) VALUES (63, '63', '1' );
INSERT INTO public.values(id, value, createddate, users_id) VALUES (559, '{"longitude":"5.40138646330791"}',  '01/01/2014' , 1 );
INSERT INTO public.contributions(version, status, idfield, idvalue, idpoi) VALUES (1,'in progress', 1, 559, 63);
INSERT INTO public.values(id, value, createddate, users_id) VALUES (560, '{"latitude":"43.3002070082232"}',  '01/01/2014' , 1 );
INSERT INTO public.contributions(version, status, idfield, idvalue, idpoi) VALUES (1,'in progress', 2, 560, 63);
INSERT INTO public.values(id, value, createddate, users_id) VALUES (561, '{"name":"Jardin Vallier"}',  '01/01/2014' , 1 );
INSERT INTO public.contributions(version, status, idfield, idvalue, idpoi) VALUES (1,'in progress', 3, 561, 63);
INSERT INTO public.values(id, value, createddate, users_id) VALUES (562, '{"visit_time_min":"20"}',  '01/01/2014' , 1 );
INSERT INTO public.contributions(version, status, idfield, idvalue, idpoi) VALUES (1,'in progress', 9, 562, 63);
INSERT INTO public.values(id, value, createddate, users_id) VALUES (563, '{"visit_time_max":"60"}',  '01/01/2014' , 1 );
INSERT INTO public.contributions(version, status, idfield, idvalue, idpoi) VALUES (1,'in progress', 10, 563, 63);
INSERT INTO public.values(id, value, createddate, users_id) VALUES (564, '{"street":"Boulevard Fran\u00c1oise Duparc"}',  '01/01/2014' , 1 );
INSERT INTO public.contributions(version, status, idfield, idvalue, idpoi) VALUES (1,'in progress', 14, 564, 63);
INSERT INTO public.values(id, value, createddate, users_id) VALUES (565, '{"postal_code":"13004"}',  '01/01/2014' , 1 );
INSERT INTO public.contributions(version, status, idfield, idvalue, idpoi) VALUES (1,'in progress', 15, 565, 63);
INSERT INTO public.values(id, value, createddate, users_id) VALUES (566, '{"desc":"Jardins"}',  '01/01/2014' , 1 );
INSERT INTO public.contributions(version, status, idfield, idvalue, idpoi) VALUES (1,'in progress', 22, 566, 63);
INSERT INTO public.values(id, value, createddate, users_id) VALUES (567, '{"withchild":"1"}',  '01/01/2014' , 1 );
INSERT INTO public.contributions(version, status, idfield, idvalue, idpoi) VALUES (1,'in progress', 28, 567, 63);
INSERT INTO public.pois(id, tour_id, typespois_id) VALUES (64, '64', '1' );
INSERT INTO public.values(id, value, createddate, users_id) VALUES (568, '{"longitude":"5.35709612321202"}',  '01/01/2014' , 1 );
INSERT INTO public.contributions(version, status, idfield, idvalue, idpoi) VALUES (1,'in progress', 1, 568, 64);
INSERT INTO public.values(id, value, createddate, users_id) VALUES (569, '{"latitude":"43.3584393432205"}',  '01/01/2014' , 1 );
INSERT INTO public.contributions(version, status, idfield, idvalue, idpoi) VALUES (1,'in progress', 2, 569, 64);
INSERT INTO public.values(id, value, createddate, users_id) VALUES (570, '{"name":"Parc Val Ombr\u00e9"}',  '01/01/2014' , 1 );
INSERT INTO public.contributions(version, status, idfield, idvalue, idpoi) VALUES (1,'in progress', 3, 570, 64);
INSERT INTO public.values(id, value, createddate, users_id) VALUES (571, '{"visit_time_min":"20"}',  '01/01/2014' , 1 );
INSERT INTO public.contributions(version, status, idfield, idvalue, idpoi) VALUES (1,'in progress', 9, 571, 64);
INSERT INTO public.values(id, value, createddate, users_id) VALUES (572, '{"visit_time_max":"60"}',  '01/01/2014' , 1 );
INSERT INTO public.contributions(version, status, idfield, idvalue, idpoi) VALUES (1,'in progress', 10, 572, 64);
INSERT INTO public.values(id, value, createddate, users_id) VALUES (573, '{"street":"Route Nationale de la viste"}',  '01/01/2014' , 1 );
INSERT INTO public.contributions(version, status, idfield, idvalue, idpoi) VALUES (1,'in progress', 14, 573, 64);
INSERT INTO public.values(id, value, createddate, users_id) VALUES (574, '{"postal_code":"13015"}',  '01/01/2014' , 1 );
INSERT INTO public.contributions(version, status, idfield, idvalue, idpoi) VALUES (1,'in progress', 15, 574, 64);
INSERT INTO public.values(id, value, createddate, users_id) VALUES (575, '{"desc":"Jardins"}',  '01/01/2014' , 1 );
INSERT INTO public.contributions(version, status, idfield, idvalue, idpoi) VALUES (1,'in progress', 22, 575, 64);
INSERT INTO public.values(id, value, createddate, users_id) VALUES (576, '{"withchild":"1"}',  '01/01/2014' , 1 );
INSERT INTO public.contributions(version, status, idfield, idvalue, idpoi) VALUES (1,'in progress', 28, 576, 64);
INSERT INTO public.pois(id, tour_id, typespois_id) VALUES (65, '65', '1' );
INSERT INTO public.values(id, value, createddate, users_id) VALUES (577, '{"longitude":"5.40009136118816"}',  '01/01/2014' , 1 );
INSERT INTO public.contributions(version, status, idfield, idvalue, idpoi) VALUES (1,'in progress', 1, 577, 65);
INSERT INTO public.values(id, value, createddate, users_id) VALUES (578, '{"latitude":"43.2971634426523"}',  '01/01/2014' , 1 );
INSERT INTO public.contributions(version, status, idfield, idvalue, idpoi) VALUES (1,'in progress', 2, 578, 65);
INSERT INTO public.values(id, value, createddate, users_id) VALUES (579, '{"name":"Square Doria"}',  '01/01/2014' , 1 );
INSERT INTO public.contributions(version, status, idfield, idvalue, idpoi) VALUES (1,'in progress', 3, 579, 65);
INSERT INTO public.values(id, value, createddate, users_id) VALUES (580, '{"visit_time_min":"20"}',  '01/01/2014' , 1 );
INSERT INTO public.contributions(version, status, idfield, idvalue, idpoi) VALUES (1,'in progress', 9, 580, 65);
INSERT INTO public.values(id, value, createddate, users_id) VALUES (581, '{"visit_time_max":"60"}',  '01/01/2014' , 1 );
INSERT INTO public.contributions(version, status, idfield, idvalue, idpoi) VALUES (1,'in progress', 10, 581, 65);
INSERT INTO public.values(id, value, createddate, users_id) VALUES (582, '{"street":"Boulevard Sakakini"}',  '01/01/2014' , 1 );
INSERT INTO public.contributions(version, status, idfield, idvalue, idpoi) VALUES (1,'in progress', 14, 582, 65);
INSERT INTO public.values(id, value, createddate, users_id) VALUES (583, '{"postal_code":"13005"}',  '01/01/2014' , 1 );
INSERT INTO public.contributions(version, status, idfield, idvalue, idpoi) VALUES (1,'in progress', 15, 583, 65);
INSERT INTO public.values(id, value, createddate, users_id) VALUES (584, '{"desc":"Jardins"}',  '01/01/2014' , 1 );
INSERT INTO public.contributions(version, status, idfield, idvalue, idpoi) VALUES (1,'in progress', 22, 584, 65);
INSERT INTO public.values(id, value, createddate, users_id) VALUES (585, '{"withchild":"1"}',  '01/01/2014' , 1 );
INSERT INTO public.contributions(version, status, idfield, idvalue, idpoi) VALUES (1,'in progress', 28, 585, 65);
INSERT INTO public.pois(id, tour_id, typespois_id) VALUES (66, '66', '1' );
INSERT INTO public.values(id, value, createddate, users_id) VALUES (586, '{"longitude":"5.39739688769288"}',  '01/01/2014' , 1 );
INSERT INTO public.contributions(version, status, idfield, idvalue, idpoi) VALUES (1,'in progress', 1, 586, 66);
INSERT INTO public.values(id, value, createddate, users_id) VALUES (587, '{"latitude":"43.3136668126108"}',  '01/01/2014' , 1 );
INSERT INTO public.contributions(version, status, idfield, idvalue, idpoi) VALUES (1,'in progress', 2, 587, 66);
INSERT INTO public.values(id, value, createddate, users_id) VALUES (588, '{"name":"Jardin Velten"}',  '01/01/2014' , 1 );
INSERT INTO public.contributions(version, status, idfield, idvalue, idpoi) VALUES (1,'in progress', 3, 588, 66);
INSERT INTO public.values(id, value, createddate, users_id) VALUES (589, '{"visit_time_min":"20"}',  '01/01/2014' , 1 );
INSERT INTO public.contributions(version, status, idfield, idvalue, idpoi) VALUES (1,'in progress', 9, 589, 66);
INSERT INTO public.values(id, value, createddate, users_id) VALUES (590, '{"visit_time_max":"60"}',  '01/01/2014' , 1 );
INSERT INTO public.contributions(version, status, idfield, idvalue, idpoi) VALUES (1,'in progress', 10, 590, 66);
INSERT INTO public.values(id, value, createddate, users_id) VALUES (591, '{"street":"Angle Boulevard Velten et avenue des Chutes lavie"}',  '01/01/2014' , 1 );
INSERT INTO public.contributions(version, status, idfield, idvalue, idpoi) VALUES (1,'in progress', 14, 591, 66);
INSERT INTO public.values(id, value, createddate, users_id) VALUES (592, '{"postal_code":"13004"}',  '01/01/2014' , 1 );
INSERT INTO public.contributions(version, status, idfield, idvalue, idpoi) VALUES (1,'in progress', 15, 592, 66);
INSERT INTO public.values(id, value, createddate, users_id) VALUES (593, '{"desc":"Jardins"}',  '01/01/2014' , 1 );
INSERT INTO public.contributions(version, status, idfield, idvalue, idpoi) VALUES (1,'in progress', 22, 593, 66);
INSERT INTO public.values(id, value, createddate, users_id) VALUES (594, '{"withchild":"1"}',  '01/01/2014' , 1 );
INSERT INTO public.contributions(version, status, idfield, idvalue, idpoi) VALUES (1,'in progress', 28, 594, 66);
INSERT INTO public.pois(id, tour_id, typespois_id) VALUES (67, '67', '1' );
INSERT INTO public.values(id, value, createddate, users_id) VALUES (595, '{"longitude":"5.41741142877145"}',  '01/01/2014' , 1 );
INSERT INTO public.contributions(version, status, idfield, idvalue, idpoi) VALUES (1,'in progress', 1, 595, 67);
INSERT INTO public.values(id, value, createddate, users_id) VALUES (596, '{"latitude":"43.2619748279398"}',  '01/01/2014' , 1 );
INSERT INTO public.contributions(version, status, idfield, idvalue, idpoi) VALUES (1,'in progress', 2, 596, 67);
INSERT INTO public.values(id, value, createddate, users_id) VALUES (597, '{"name":"Jardin Vallon de Toulouse"}',  '01/01/2014' , 1 );
INSERT INTO public.contributions(version, status, idfield, idvalue, idpoi) VALUES (1,'in progress', 3, 597, 67);
INSERT INTO public.values(id, value, createddate, users_id) VALUES (598, '{"visit_time_min":"20"}',  '01/01/2014' , 1 );
INSERT INTO public.contributions(version, status, idfield, idvalue, idpoi) VALUES (1,'in progress', 9, 598, 67);
INSERT INTO public.values(id, value, createddate, users_id) VALUES (599, '{"visit_time_max":"60"}',  '01/01/2014' , 1 );
INSERT INTO public.contributions(version, status, idfield, idvalue, idpoi) VALUES (1,'in progress', 10, 599, 67);
INSERT INTO public.values(id, value, createddate, users_id) VALUES (600, '{"street":"Avenue de la Grande Bastide"}',  '01/01/2014' , 1 );
INSERT INTO public.contributions(version, status, idfield, idvalue, idpoi) VALUES (1,'in progress', 14, 600, 67);
INSERT INTO public.values(id, value, createddate, users_id) VALUES (601, '{"postal_code":"13009"}',  '01/01/2014' , 1 );
INSERT INTO public.contributions(version, status, idfield, idvalue, idpoi) VALUES (1,'in progress', 15, 601, 67);
INSERT INTO public.values(id, value, createddate, users_id) VALUES (602, '{"desc":"Jardins"}',  '01/01/2014' , 1 );
INSERT INTO public.contributions(version, status, idfield, idvalue, idpoi) VALUES (1,'in progress', 22, 602, 67);
INSERT INTO public.values(id, value, createddate, users_id) VALUES (603, '{"withchild":"1"}',  '01/01/2014' , 1 );
INSERT INTO public.contributions(version, status, idfield, idvalue, idpoi) VALUES (1,'in progress', 28, 603, 67);
INSERT INTO public.pois(id, tour_id, typespois_id) VALUES (68, '68', '1' );
INSERT INTO public.values(id, value, createddate, users_id) VALUES (604, '{"longitude":"5.4045685384033"}',  '01/01/2014' , 1 );
INSERT INTO public.contributions(version, status, idfield, idvalue, idpoi) VALUES (1,'in progress', 1, 604, 68);
INSERT INTO public.values(id, value, createddate, users_id) VALUES (605, '{"latitude":"43.284941634084"}',  '01/01/2014' , 1 );
INSERT INTO public.contributions(version, status, idfield, idvalue, idpoi) VALUES (1,'in progress', 2, 605, 68);
INSERT INTO public.values(id, value, createddate, users_id) VALUES (606, '{"name":"Jardin des fonderies de Provence"}',  '01/01/2014' , 1 );
INSERT INTO public.contributions(version, status, idfield, idvalue, idpoi) VALUES (1,'in progress', 3, 606, 68);
INSERT INTO public.values(id, value, createddate, users_id) VALUES (607, '{"visit_time_min":"20"}',  '01/01/2014' , 1 );
INSERT INTO public.contributions(version, status, idfield, idvalue, idpoi) VALUES (1,'in progress', 9, 607, 68);
INSERT INTO public.values(id, value, createddate, users_id) VALUES (608, '{"visit_time_max":"60"}',  '01/01/2014' , 1 );
INSERT INTO public.contributions(version, status, idfield, idvalue, idpoi) VALUES (1,'in progress', 10, 608, 68);
INSERT INTO public.values(id, value, createddate, users_id) VALUES (609, '{"street":"Angle rues Benjamin  Delessert et Verdilhan"}',  '01/01/2014' , 1 );
INSERT INTO public.contributions(version, status, idfield, idvalue, idpoi) VALUES (1,'in progress', 14, 609, 68);
INSERT INTO public.values(id, value, createddate, users_id) VALUES (610, '{"postal_code":"13010"}',  '01/01/2014' , 1 );
INSERT INTO public.contributions(version, status, idfield, idvalue, idpoi) VALUES (1,'in progress', 15, 610, 68);
INSERT INTO public.values(id, value, createddate, users_id) VALUES (611, '{"desc":"Jardins"}',  '01/01/2014' , 1 );
INSERT INTO public.contributions(version, status, idfield, idvalue, idpoi) VALUES (1,'in progress', 22, 611, 68);
INSERT INTO public.values(id, value, createddate, users_id) VALUES (612, '{"withchild":"1"}',  '01/01/2014' , 1 );
INSERT INTO public.contributions(version, status, idfield, idvalue, idpoi) VALUES (1,'in progress', 28, 612, 68);
INSERT INTO public.pois(id, tour_id, typespois_id) VALUES (69, '69', '1' );
INSERT INTO public.values(id, value, createddate, users_id) VALUES (613, '{"longitude":"5.3811016298442"}',  '01/01/2014' , 1 );
INSERT INTO public.contributions(version, status, idfield, idvalue, idpoi) VALUES (1,'in progress', 1, 613, 69);
INSERT INTO public.values(id, value, createddate, users_id) VALUES (614, '{"latitude":"43.2869824175922"}',  '01/01/2014' , 1 );
INSERT INTO public.contributions(version, status, idfield, idvalue, idpoi) VALUES (1,'in progress', 2, 614, 69);
INSERT INTO public.values(id, value, createddate, users_id) VALUES (615, '{"name":"Square Edmond Rostand"}',  '01/01/2014' , 1 );
INSERT INTO public.contributions(version, status, idfield, idvalue, idpoi) VALUES (1,'in progress', 3, 615, 69);
INSERT INTO public.values(id, value, createddate, users_id) VALUES (616, '{"visit_time_min":"20"}',  '01/01/2014' , 1 );
INSERT INTO public.contributions(version, status, idfield, idvalue, idpoi) VALUES (1,'in progress', 9, 616, 69);
INSERT INTO public.values(id, value, createddate, users_id) VALUES (617, '{"visit_time_max":"60"}',  '01/01/2014' , 1 );
INSERT INTO public.contributions(version, status, idfield, idvalue, idpoi) VALUES (1,'in progress', 10, 617, 69);
INSERT INTO public.values(id, value, createddate, users_id) VALUES (618, '{"street":"Angle rues Edmond Rostand et Saint Suffren"}',  '01/01/2014' , 1 );
INSERT INTO public.contributions(version, status, idfield, idvalue, idpoi) VALUES (1,'in progress', 14, 618, 69);
INSERT INTO public.values(id, value, createddate, users_id) VALUES (619, '{"postal_code":"13006"}',  '01/01/2014' , 1 );
INSERT INTO public.contributions(version, status, idfield, idvalue, idpoi) VALUES (1,'in progress', 15, 619, 69);
INSERT INTO public.values(id, value, createddate, users_id) VALUES (620, '{"desc":"Jardins"}',  '01/01/2014' , 1 );
INSERT INTO public.contributions(version, status, idfield, idvalue, idpoi) VALUES (1,'in progress', 22, 620, 69);
INSERT INTO public.values(id, value, createddate, users_id) VALUES (621, '{"withchild":"1"}',  '01/01/2014' , 1 );
INSERT INTO public.contributions(version, status, idfield, idvalue, idpoi) VALUES (1,'in progress', 28, 621, 69);
INSERT INTO public.pois(id, tour_id, typespois_id) VALUES (70, '70', '1' );
INSERT INTO public.values(id, value, createddate, users_id) VALUES (622, '{"longitude":"5.37048585787993"}',  '01/01/2014' , 1 );
INSERT INTO public.contributions(version, status, idfield, idvalue, idpoi) VALUES (1,'in progress', 1, 622, 70);
INSERT INTO public.values(id, value, createddate, users_id) VALUES (623, '{"latitude":"43.2824815964537"}',  '01/01/2014' , 1 );
INSERT INTO public.contributions(version, status, idfield, idvalue, idpoi) VALUES (1,'in progress', 2, 623, 70);
INSERT INTO public.values(id, value, createddate, users_id) VALUES (624, '{"name":"ND de la Garde Cheminement pi\u00e9ton"}',  '01/01/2014' , 1 );
INSERT INTO public.contributions(version, status, idfield, idvalue, idpoi) VALUES (1,'in progress', 3, 624, 70);
INSERT INTO public.values(id, value, createddate, users_id) VALUES (625, '{"visit_time_min":"20"}',  '01/01/2014' , 1 );
INSERT INTO public.contributions(version, status, idfield, idvalue, idpoi) VALUES (1,'in progress', 9, 625, 70);
INSERT INTO public.values(id, value, createddate, users_id) VALUES (626, '{"visit_time_max":"60"}',  '01/01/2014' , 1 );
INSERT INTO public.contributions(version, status, idfield, idvalue, idpoi) VALUES (1,'in progress', 10, 626, 70);
INSERT INTO public.values(id, value, createddate, users_id) VALUES (627, '{"street":"Rue du Bois Sacr\u00e9"}',  '01/01/2014' , 1 );
INSERT INTO public.contributions(version, status, idfield, idvalue, idpoi) VALUES (1,'in progress', 14, 627, 70);
INSERT INTO public.values(id, value, createddate, users_id) VALUES (628, '{"postal_code":"13007"}',  '01/01/2014' , 1 );
INSERT INTO public.contributions(version, status, idfield, idvalue, idpoi) VALUES (1,'in progress', 15, 628, 70);
INSERT INTO public.values(id, value, createddate, users_id) VALUES (629, '{"desc":"Jardins"}',  '01/01/2014' , 1 );
INSERT INTO public.contributions(version, status, idfield, idvalue, idpoi) VALUES (1,'in progress', 22, 629, 70);
INSERT INTO public.values(id, value, createddate, users_id) VALUES (630, '{"withchild":"1"}',  '01/01/2014' , 1 );
INSERT INTO public.contributions(version, status, idfield, idvalue, idpoi) VALUES (1,'in progress', 28, 630, 70);
INSERT INTO public.pois(id, tour_id, typespois_id) VALUES (71, '71', '1' );
INSERT INTO public.values(id, value, createddate, users_id) VALUES (631, '{"longitude":"5.40234244387494"}',  '01/01/2014' , 1 );
INSERT INTO public.contributions(version, status, idfield, idvalue, idpoi) VALUES (1,'in progress', 1, 631, 71);
INSERT INTO public.values(id, value, createddate, users_id) VALUES (632, '{"latitude":"43.2678653405421"}',  '01/01/2014' , 1 );
INSERT INTO public.contributions(version, status, idfield, idvalue, idpoi) VALUES (1,'in progress', 2, 632, 71);
INSERT INTO public.values(id, value, createddate, users_id) VALUES (633, '{"name":"Jardin de la Pugette"}',  '01/01/2014' , 1 );
INSERT INTO public.contributions(version, status, idfield, idvalue, idpoi) VALUES (1,'in progress', 3, 633, 71);
INSERT INTO public.values(id, value, createddate, users_id) VALUES (634, '{"visit_time_min":"20"}',  '01/01/2014' , 1 );
INSERT INTO public.contributions(version, status, idfield, idvalue, idpoi) VALUES (1,'in progress', 9, 634, 71);
INSERT INTO public.values(id, value, createddate, users_id) VALUES (635, '{"visit_time_max":"60"}',  '01/01/2014' , 1 );
INSERT INTO public.contributions(version, status, idfield, idvalue, idpoi) VALUES (1,'in progress', 10, 635, 71);
INSERT INTO public.values(id, value, createddate, users_id) VALUES (636, '{"street":"Avenue Mistral et rue Augustin Aubert"}',  '01/01/2014' , 1 );
INSERT INTO public.contributions(version, status, idfield, idvalue, idpoi) VALUES (1,'in progress', 14, 636, 71);
INSERT INTO public.values(id, value, createddate, users_id) VALUES (637, '{"postal_code":"13009"}',  '01/01/2014' , 1 );
INSERT INTO public.contributions(version, status, idfield, idvalue, idpoi) VALUES (1,'in progress', 15, 637, 71);
INSERT INTO public.values(id, value, createddate, users_id) VALUES (638, '{"desc":"Jardins"}',  '01/01/2014' , 1 );
INSERT INTO public.contributions(version, status, idfield, idvalue, idpoi) VALUES (1,'in progress', 22, 638, 71);
INSERT INTO public.values(id, value, createddate, users_id) VALUES (639, '{"withchild":"1"}',  '01/01/2014' , 1 );
INSERT INTO public.contributions(version, status, idfield, idvalue, idpoi) VALUES (1,'in progress', 28, 639, 71);
INSERT INTO public.pois(id, tour_id, typespois_id) VALUES (72, '72', '1' );
INSERT INTO public.values(id, value, createddate, users_id) VALUES (640, '{"longitude":"5.41701638725882"}',  '01/01/2014' , 1 );
INSERT INTO public.contributions(version, status, idfield, idvalue, idpoi) VALUES (1,'in progress', 1, 640, 72);
INSERT INTO public.values(id, value, createddate, users_id) VALUES (641, '{"latitude":"43.2760873903489"}',  '01/01/2014' , 1 );
INSERT INTO public.contributions(version, status, idfield, idvalue, idpoi) VALUES (1,'in progress', 2, 641, 72);
INSERT INTO public.values(id, value, createddate, users_id) VALUES (642, '{"name":"Square Caporal Antoine Odone"}',  '01/01/2014' , 1 );
INSERT INTO public.contributions(version, status, idfield, idvalue, idpoi) VALUES (1,'in progress', 3, 642, 72);
INSERT INTO public.values(id, value, createddate, users_id) VALUES (643, '{"visit_time_min":"20"}',  '01/01/2014' , 1 );
INSERT INTO public.contributions(version, status, idfield, idvalue, idpoi) VALUES (1,'in progress', 9, 643, 72);
INSERT INTO public.values(id, value, createddate, users_id) VALUES (644, '{"visit_time_max":"60"}',  '01/01/2014' , 1 );
INSERT INTO public.contributions(version, status, idfield, idvalue, idpoi) VALUES (1,'in progress', 10, 644, 72);
INSERT INTO public.values(id, value, createddate, users_id) VALUES (645, '{"street":"Boulevard Romain Rolland"}',  '01/01/2014' , 1 );
INSERT INTO public.contributions(version, status, idfield, idvalue, idpoi) VALUES (1,'in progress', 14, 645, 72);
INSERT INTO public.values(id, value, createddate, users_id) VALUES (646, '{"postal_code":"13010"}',  '01/01/2014' , 1 );
INSERT INTO public.contributions(version, status, idfield, idvalue, idpoi) VALUES (1,'in progress', 15, 646, 72);
INSERT INTO public.values(id, value, createddate, users_id) VALUES (647, '{"desc":"Jardins"}',  '01/01/2014' , 1 );
INSERT INTO public.contributions(version, status, idfield, idvalue, idpoi) VALUES (1,'in progress', 22, 647, 72);
INSERT INTO public.values(id, value, createddate, users_id) VALUES (648, '{"withchild":"1"}',  '01/01/2014' , 1 );
INSERT INTO public.contributions(version, status, idfield, idvalue, idpoi) VALUES (1,'in progress', 28, 648, 72);
INSERT INTO public.pois(id, tour_id, typespois_id) VALUES (73, '73', '1' );
INSERT INTO public.values(id, value, createddate, users_id) VALUES (649, '{"longitude":"5.38813208602456"}',  '01/01/2014' , 1 );
INSERT INTO public.contributions(version, status, idfield, idvalue, idpoi) VALUES (1,'in progress', 1, 649, 73);
INSERT INTO public.values(id, value, createddate, users_id) VALUES (650, '{"latitude":"43.263842190783"}',  '01/01/2014' , 1 );
INSERT INTO public.contributions(version, status, idfield, idvalue, idpoi) VALUES (1,'in progress', 2, 650, 73);
INSERT INTO public.values(id, value, createddate, users_id) VALUES (651, '{"name":"Promenade de l\u0027huveaune"}',  '01/01/2014' , 1 );
INSERT INTO public.contributions(version, status, idfield, idvalue, idpoi) VALUES (1,'in progress', 3, 651, 73);
INSERT INTO public.values(id, value, createddate, users_id) VALUES (652, '{"visit_time_min":"20"}',  '01/01/2014' , 1 );
INSERT INTO public.contributions(version, status, idfield, idvalue, idpoi) VALUES (1,'in progress', 9, 652, 73);
INSERT INTO public.values(id, value, createddate, users_id) VALUES (653, '{"visit_time_max":"60"}',  '01/01/2014' , 1 );
INSERT INTO public.contributions(version, status, idfield, idvalue, idpoi) VALUES (1,'in progress', 10, 653, 73);
INSERT INTO public.values(id, value, createddate, users_id) VALUES (654, '{"street":"Bd Gab\u00e8s - Av de Mazargues"}',  '01/01/2014' , 1 );
INSERT INTO public.contributions(version, status, idfield, idvalue, idpoi) VALUES (1,'in progress', 14, 654, 73);
INSERT INTO public.values(id, value, createddate, users_id) VALUES (655, '{"postal_code":"13008"}',  '01/01/2014' , 1 );
INSERT INTO public.contributions(version, status, idfield, idvalue, idpoi) VALUES (1,'in progress', 15, 655, 73);
INSERT INTO public.values(id, value, createddate, users_id) VALUES (656, '{"desc":"Jardins"}',  '01/01/2014' , 1 );
INSERT INTO public.contributions(version, status, idfield, idvalue, idpoi) VALUES (1,'in progress', 22, 656, 73);
INSERT INTO public.values(id, value, createddate, users_id) VALUES (657, '{"withchild":"1"}',  '01/01/2014' , 1 );
INSERT INTO public.contributions(version, status, idfield, idvalue, idpoi) VALUES (1,'in progress', 28, 657, 73);
INSERT INTO public.pois(id, tour_id, typespois_id) VALUES (74, '74', '1' );
INSERT INTO public.values(id, value, createddate, users_id) VALUES (658, '{"longitude":"5.37990751128062"}',  '01/01/2014' , 1 );
INSERT INTO public.contributions(version, status, idfield, idvalue, idpoi) VALUES (1,'in progress', 1, 658, 74);
INSERT INTO public.values(id, value, createddate, users_id) VALUES (659, '{"latitude":"43.2466856813514"}',  '01/01/2014' , 1 );
INSERT INTO public.contributions(version, status, idfield, idvalue, idpoi) VALUES (1,'in progress', 2, 659, 74);
INSERT INTO public.values(id, value, createddate, users_id) VALUES (660, '{"name":"Jardin esplanade des Goumiers"}',  '01/01/2014' , 1 );
INSERT INTO public.contributions(version, status, idfield, idvalue, idpoi) VALUES (1,'in progress', 3, 660, 74);
INSERT INTO public.values(id, value, createddate, users_id) VALUES (661, '{"visit_time_min":"20"}',  '01/01/2014' , 1 );
INSERT INTO public.contributions(version, status, idfield, idvalue, idpoi) VALUES (1,'in progress', 9, 661, 74);
INSERT INTO public.values(id, value, createddate, users_id) VALUES (662, '{"visit_time_max":"60"}',  '01/01/2014' , 1 );
INSERT INTO public.contributions(version, status, idfield, idvalue, idpoi) VALUES (1,'in progress', 10, 662, 74);
INSERT INTO public.values(id, value, createddate, users_id) VALUES (663, '{"street":"Avenue des Goumiers"}',  '01/01/2014' , 1 );
INSERT INTO public.contributions(version, status, idfield, idvalue, idpoi) VALUES (1,'in progress', 14, 663, 74);
INSERT INTO public.values(id, value, createddate, users_id) VALUES (664, '{"postal_code":"13008"}',  '01/01/2014' , 1 );
INSERT INTO public.contributions(version, status, idfield, idvalue, idpoi) VALUES (1,'in progress', 15, 664, 74);
INSERT INTO public.values(id, value, createddate, users_id) VALUES (665, '{"desc":"Jardins"}',  '01/01/2014' , 1 );
INSERT INTO public.contributions(version, status, idfield, idvalue, idpoi) VALUES (1,'in progress', 22, 665, 74);
INSERT INTO public.values(id, value, createddate, users_id) VALUES (666, '{"withchild":"1"}',  '01/01/2014' , 1 );
INSERT INTO public.contributions(version, status, idfield, idvalue, idpoi) VALUES (1,'in progress', 28, 666, 74);
INSERT INTO public.pois(id, tour_id, typespois_id) VALUES (75, '75', '1' );
INSERT INTO public.values(id, value, createddate, users_id) VALUES (667, '{"longitude":"5.41280346436376"}',  '01/01/2014' , 1 );
INSERT INTO public.contributions(version, status, idfield, idvalue, idpoi) VALUES (1,'in progress', 1, 667, 75);
INSERT INTO public.values(id, value, createddate, users_id) VALUES (668, '{"latitude":"43.3130250446826"}',  '01/01/2014' , 1 );
INSERT INTO public.contributions(version, status, idfield, idvalue, idpoi) VALUES (1,'in progress', 2, 668, 75);
INSERT INTO public.values(id, value, createddate, users_id) VALUES (669, '{"name":"Square Gillet"}',  '01/01/2014' , 1 );
INSERT INTO public.contributions(version, status, idfield, idvalue, idpoi) VALUES (1,'in progress', 3, 669, 75);
INSERT INTO public.values(id, value, createddate, users_id) VALUES (670, '{"visit_time_min":"20"}',  '01/01/2014' , 1 );
INSERT INTO public.contributions(version, status, idfield, idvalue, idpoi) VALUES (1,'in progress', 9, 670, 75);
INSERT INTO public.values(id, value, createddate, users_id) VALUES (671, '{"visit_time_max":"60"}',  '01/01/2014' , 1 );
INSERT INTO public.contributions(version, status, idfield, idvalue, idpoi) VALUES (1,'in progress', 10, 671, 75);
INSERT INTO public.values(id, value, createddate, users_id) VALUES (672, '{"street":"Avenue de Montolivet"}',  '01/01/2014' , 1 );
INSERT INTO public.contributions(version, status, idfield, idvalue, idpoi) VALUES (1,'in progress', 14, 672, 75);
INSERT INTO public.values(id, value, createddate, users_id) VALUES (673, '{"postal_code":"13012"}',  '01/01/2014' , 1 );
INSERT INTO public.contributions(version, status, idfield, idvalue, idpoi) VALUES (1,'in progress', 15, 673, 75);
INSERT INTO public.values(id, value, createddate, users_id) VALUES (674, '{"desc":"Jardins"}',  '01/01/2014' , 1 );
INSERT INTO public.contributions(version, status, idfield, idvalue, idpoi) VALUES (1,'in progress', 22, 674, 75);
INSERT INTO public.values(id, value, createddate, users_id) VALUES (675, '{"withchild":"1"}',  '01/01/2014' , 1 );
INSERT INTO public.contributions(version, status, idfield, idvalue, idpoi) VALUES (1,'in progress', 28, 675, 75);
INSERT INTO public.pois(id, tour_id, typespois_id) VALUES (76, '76', '1' );
INSERT INTO public.values(id, value, createddate, users_id) VALUES (676, '{"longitude":"5.34370387155736"}',  '01/01/2014' , 1 );
INSERT INTO public.contributions(version, status, idfield, idvalue, idpoi) VALUES (1,'in progress', 1, 676, 76);
INSERT INTO public.values(id, value, createddate, users_id) VALUES (677, '{"latitude":"43.3665729696432"}',  '01/01/2014' , 1 );
INSERT INTO public.contributions(version, status, idfield, idvalue, idpoi) VALUES (1,'in progress', 2, 677, 76);
INSERT INTO public.values(id, value, createddate, users_id) VALUES (678, '{"name":"Jardin Barnier Mollard"}',  '01/01/2014' , 1 );
INSERT INTO public.contributions(version, status, idfield, idvalue, idpoi) VALUES (1,'in progress', 3, 678, 76);
INSERT INTO public.values(id, value, createddate, users_id) VALUES (679, '{"visit_time_min":"20"}',  '01/01/2014' , 1 );
INSERT INTO public.contributions(version, status, idfield, idvalue, idpoi) VALUES (1,'in progress', 9, 679, 76);
INSERT INTO public.values(id, value, createddate, users_id) VALUES (680, '{"visit_time_max":"60"}',  '01/01/2014' , 1 );
INSERT INTO public.contributions(version, status, idfield, idvalue, idpoi) VALUES (1,'in progress', 10, 680, 76);
INSERT INTO public.values(id, value, createddate, users_id) VALUES (681, '{"street":"243 Boulevard Henri Barnier"}',  '01/01/2014' , 1 );
INSERT INTO public.contributions(version, status, idfield, idvalue, idpoi) VALUES (1,'in progress', 14, 681, 76);
INSERT INTO public.values(id, value, createddate, users_id) VALUES (682, '{"postal_code":"13015"}',  '01/01/2014' , 1 );
INSERT INTO public.contributions(version, status, idfield, idvalue, idpoi) VALUES (1,'in progress', 15, 682, 76);
INSERT INTO public.values(id, value, createddate, users_id) VALUES (683, '{"desc":"Jardins"}',  '01/01/2014' , 1 );
INSERT INTO public.contributions(version, status, idfield, idvalue, idpoi) VALUES (1,'in progress', 22, 683, 76);
INSERT INTO public.values(id, value, createddate, users_id) VALUES (684, '{"withchild":"1"}',  '01/01/2014' , 1 );
INSERT INTO public.contributions(version, status, idfield, idvalue, idpoi) VALUES (1,'in progress', 28, 684, 76);
INSERT INTO public.pois(id, tour_id, typespois_id) VALUES (77, '77', '1' );
INSERT INTO public.values(id, value, createddate, users_id) VALUES (685, '{"longitude":"5.43794269064754"}',  '01/01/2014' , 1 );
INSERT INTO public.contributions(version, status, idfield, idvalue, idpoi) VALUES (1,'in progress', 1, 685, 77);
INSERT INTO public.values(id, value, createddate, users_id) VALUES (686, '{"latitude":"43.3313186081719"}',  '01/01/2014' , 1 );
INSERT INTO public.contributions(version, status, idfield, idvalue, idpoi) VALUES (1,'in progress', 2, 686, 77);
INSERT INTO public.values(id, value, createddate, users_id) VALUES (687, '{"name":"Parc Saint Th\u00e9odore"}',  '01/01/2014' , 1 );
INSERT INTO public.contributions(version, status, idfield, idvalue, idpoi) VALUES (1,'in progress', 3, 687, 77);
INSERT INTO public.values(id, value, createddate, users_id) VALUES (688, '{"visit_time_min":"20"}',  '01/01/2014' , 1 );
INSERT INTO public.contributions(version, status, idfield, idvalue, idpoi) VALUES (1,'in progress', 9, 688, 77);
INSERT INTO public.values(id, value, createddate, users_id) VALUES (689, '{"visit_time_max":"60"}',  '01/01/2014' , 1 );
INSERT INTO public.contributions(version, status, idfield, idvalue, idpoi) VALUES (1,'in progress', 10, 689, 77);
INSERT INTO public.values(id, value, createddate, users_id) VALUES (690, '{"street":"All\u00e9e des Bergeronnettes"}',  '01/01/2014' , 1 );
INSERT INTO public.contributions(version, status, idfield, idvalue, idpoi) VALUES (1,'in progress', 14, 690, 77);
INSERT INTO public.values(id, value, createddate, users_id) VALUES (691, '{"postal_code":"13013"}',  '01/01/2014' , 1 );
INSERT INTO public.contributions(version, status, idfield, idvalue, idpoi) VALUES (1,'in progress', 15, 691, 77);
INSERT INTO public.values(id, value, createddate, users_id) VALUES (692, '{"desc":"Parcs"}',  '01/01/2014' , 1 );
INSERT INTO public.contributions(version, status, idfield, idvalue, idpoi) VALUES (1,'in progress', 22, 692, 77);
INSERT INTO public.values(id, value, createddate, users_id) VALUES (693, '{"withchild":"1"}',  '01/01/2014' , 1 );
INSERT INTO public.contributions(version, status, idfield, idvalue, idpoi) VALUES (1,'in progress', 28, 693, 77);
INSERT INTO public.pois(id, tour_id, typespois_id) VALUES (78, '78', '1' );
INSERT INTO public.values(id, value, createddate, users_id) VALUES (694, '{"longitude":"5.43057063339002"}',  '01/01/2014' , 1 );
INSERT INTO public.contributions(version, status, idfield, idvalue, idpoi) VALUES (1,'in progress', 1, 694, 78);
INSERT INTO public.values(id, value, createddate, users_id) VALUES (695, '{"latitude":"43.2835403864894"}',  '01/01/2014' , 1 );
INSERT INTO public.contributions(version, status, idfield, idvalue, idpoi) VALUES (1,'in progress', 2, 695, 78);
INSERT INTO public.values(id, value, createddate, users_id) VALUES (696, '{"name":"Parc du Vieux Moulin"}',  '01/01/2014' , 1 );
INSERT INTO public.contributions(version, status, idfield, idvalue, idpoi) VALUES (1,'in progress', 3, 696, 78);
INSERT INTO public.values(id, value, createddate, users_id) VALUES (697, '{"visit_time_min":"20"}',  '01/01/2014' , 1 );
INSERT INTO public.contributions(version, status, idfield, idvalue, idpoi) VALUES (1,'in progress', 9, 697, 78);
INSERT INTO public.values(id, value, createddate, users_id) VALUES (698, '{"visit_time_max":"60"}',  '01/01/2014' , 1 );
INSERT INTO public.contributions(version, status, idfield, idvalue, idpoi) VALUES (1,'in progress', 10, 698, 78);
INSERT INTO public.values(id, value, createddate, users_id) VALUES (699, '{"street":"Boulevard de Saint Loup"}',  '01/01/2014' , 1 );
INSERT INTO public.contributions(version, status, idfield, idvalue, idpoi) VALUES (1,'in progress', 14, 699, 78);
INSERT INTO public.values(id, value, createddate, users_id) VALUES (700, '{"postal_code":"13010"}',  '01/01/2014' , 1 );
INSERT INTO public.contributions(version, status, idfield, idvalue, idpoi) VALUES (1,'in progress', 15, 700, 78);
INSERT INTO public.values(id, value, createddate, users_id) VALUES (701, '{"desc":"Parcs"}',  '01/01/2014' , 1 );
INSERT INTO public.contributions(version, status, idfield, idvalue, idpoi) VALUES (1,'in progress', 22, 701, 78);
INSERT INTO public.values(id, value, createddate, users_id) VALUES (702, '{"withchild":"1"}',  '01/01/2014' , 1 );
INSERT INTO public.contributions(version, status, idfield, idvalue, idpoi) VALUES (1,'in progress', 28, 702, 78);
INSERT INTO public.pois(id, tour_id, typespois_id) VALUES (79, '79', '1' );
INSERT INTO public.values(id, value, createddate, users_id) VALUES (703, '{"longitude":"5.36742715465786"}',  '01/01/2014' , 1 );
INSERT INTO public.contributions(version, status, idfield, idvalue, idpoi) VALUES (1,'in progress', 1, 703, 79);
INSERT INTO public.values(id, value, createddate, users_id) VALUES (704, '{"latitude":"43.3589796641053"}',  '01/01/2014' , 1 );
INSERT INTO public.contributions(version, status, idfield, idvalue, idpoi) VALUES (1,'in progress', 2, 704, 79);
INSERT INTO public.values(id, value, createddate, users_id) VALUES (705, '{"name":"Parc Varella"}',  '01/01/2014' , 1 );
INSERT INTO public.contributions(version, status, idfield, idvalue, idpoi) VALUES (1,'in progress', 3, 705, 79);
INSERT INTO public.values(id, value, createddate, users_id) VALUES (706, '{"visit_time_min":"20"}',  '01/01/2014' , 1 );
INSERT INTO public.contributions(version, status, idfield, idvalue, idpoi) VALUES (1,'in progress', 9, 706, 79);
INSERT INTO public.values(id, value, createddate, users_id) VALUES (707, '{"visit_time_max":"60"}',  '01/01/2014' , 1 );
INSERT INTO public.contributions(version, status, idfield, idvalue, idpoi) VALUES (1,'in progress', 10, 707, 79);
INSERT INTO public.values(id, value, createddate, users_id) VALUES (708, '{"street":"Boulevard Proven\u00c1al"}',  '01/01/2014' , 1 );
INSERT INTO public.contributions(version, status, idfield, idvalue, idpoi) VALUES (1,'in progress', 14, 708, 79);
INSERT INTO public.values(id, value, createddate, users_id) VALUES (709, '{"postal_code":"13015"}',  '01/01/2014' , 1 );
INSERT INTO public.contributions(version, status, idfield, idvalue, idpoi) VALUES (1,'in progress', 15, 709, 79);
INSERT INTO public.values(id, value, createddate, users_id) VALUES (710, '{"desc":"Parcs"}',  '01/01/2014' , 1 );
INSERT INTO public.contributions(version, status, idfield, idvalue, idpoi) VALUES (1,'in progress', 22, 710, 79);
INSERT INTO public.values(id, value, createddate, users_id) VALUES (711, '{"withchild":"1"}',  '01/01/2014' , 1 );
INSERT INTO public.contributions(version, status, idfield, idvalue, idpoi) VALUES (1,'in progress', 28, 711, 79);
INSERT INTO public.pois(id, tour_id, typespois_id) VALUES (80, '80', '1' );
INSERT INTO public.values(id, value, createddate, users_id) VALUES (712, '{"longitude":"5.39287338132408"}',  '01/01/2014' , 1 );
INSERT INTO public.contributions(version, status, idfield, idvalue, idpoi) VALUES (1,'in progress', 1, 712, 80);
INSERT INTO public.values(id, value, createddate, users_id) VALUES (713, '{"latitude":"43.2714976193396"}',  '01/01/2014' , 1 );
INSERT INTO public.contributions(version, status, idfield, idvalue, idpoi) VALUES (1,'in progress', 2, 713, 80);
INSERT INTO public.values(id, value, createddate, users_id) VALUES (714, '{"name":"Parc Chanot"}',  '01/01/2014' , 1 );
INSERT INTO public.contributions(version, status, idfield, idvalue, idpoi) VALUES (1,'in progress', 3, 714, 80);
INSERT INTO public.values(id, value, createddate, users_id) VALUES (715, '{"visit_time_min":"20"}',  '01/01/2014' , 1 );
INSERT INTO public.contributions(version, status, idfield, idvalue, idpoi) VALUES (1,'in progress', 9, 715, 80);
INSERT INTO public.values(id, value, createddate, users_id) VALUES (716, '{"visit_time_max":"60"}',  '01/01/2014' , 1 );
INSERT INTO public.contributions(version, status, idfield, idvalue, idpoi) VALUES (1,'in progress', 10, 716, 80);
INSERT INTO public.values(id, value, createddate, users_id) VALUES (717, '{"street":"Boulevard Michelet"}',  '01/01/2014' , 1 );
INSERT INTO public.contributions(version, status, idfield, idvalue, idpoi) VALUES (1,'in progress', 14, 717, 80);
INSERT INTO public.values(id, value, createddate, users_id) VALUES (718, '{"postal_code":"13008"}',  '01/01/2014' , 1 );
INSERT INTO public.contributions(version, status, idfield, idvalue, idpoi) VALUES (1,'in progress', 15, 718, 80);
INSERT INTO public.values(id, value, createddate, users_id) VALUES (719, '{"desc":"Parcs"}',  '01/01/2014' , 1 );
INSERT INTO public.contributions(version, status, idfield, idvalue, idpoi) VALUES (1,'in progress', 22, 719, 80);
INSERT INTO public.values(id, value, createddate, users_id) VALUES (720, '{"withchild":"1"}',  '01/01/2014' , 1 );
INSERT INTO public.contributions(version, status, idfield, idvalue, idpoi) VALUES (1,'in progress', 28, 720, 80);
INSERT INTO public.pois(id, tour_id, typespois_id) VALUES (81, '81', '1' );
INSERT INTO public.values(id, value, createddate, users_id) VALUES (721, '{"longitude":"5.37024052725475"}',  '01/01/2014' , 1 );
INSERT INTO public.contributions(version, status, idfield, idvalue, idpoi) VALUES (1,'in progress', 1, 721, 81);
INSERT INTO public.values(id, value, createddate, users_id) VALUES (722, '{"latitude":"43.2893799058432"}',  '01/01/2014' , 1 );
INSERT INTO public.contributions(version, status, idfield, idvalue, idpoi) VALUES (1,'in progress', 2, 722, 81);
INSERT INTO public.values(id, value, createddate, users_id) VALUES (723, '{"name":"Jardin de la Colline Puget"}',  '01/01/2014' , 1 );
INSERT INTO public.contributions(version, status, idfield, idvalue, idpoi) VALUES (1,'in progress', 3, 723, 81);
INSERT INTO public.values(id, value, createddate, users_id) VALUES (724, '{"visit_time_min":"20"}',  '01/01/2014' , 1 );
INSERT INTO public.contributions(version, status, idfield, idvalue, idpoi) VALUES (1,'in progress', 9, 724, 81);
INSERT INTO public.values(id, value, createddate, users_id) VALUES (725, '{"visit_time_max":"60"}',  '01/01/2014' , 1 );
INSERT INTO public.contributions(version, status, idfield, idvalue, idpoi) VALUES (1,'in progress', 10, 725, 81);
INSERT INTO public.values(id, value, createddate, users_id) VALUES (726, '{"street":"Rue de l\u0027Abb\u00e9 d\u0027Assy"}',  '01/01/2014' , 1 );
INSERT INTO public.contributions(version, status, idfield, idvalue, idpoi) VALUES (1,'in progress', 14, 726, 81);
INSERT INTO public.values(id, value, createddate, users_id) VALUES (727, '{"postal_code":"13007"}',  '01/01/2014' , 1 );
INSERT INTO public.contributions(version, status, idfield, idvalue, idpoi) VALUES (1,'in progress', 15, 727, 81);
INSERT INTO public.values(id, value, createddate, users_id) VALUES (728, '{"desc":"Parcs"}',  '01/01/2014' , 1 );
INSERT INTO public.contributions(version, status, idfield, idvalue, idpoi) VALUES (1,'in progress', 22, 728, 81);
INSERT INTO public.values(id, value, createddate, users_id) VALUES (729, '{"withchild":"1"}',  '01/01/2014' , 1 );
INSERT INTO public.contributions(version, status, idfield, idvalue, idpoi) VALUES (1,'in progress', 28, 729, 81);
INSERT INTO public.pois(id, tour_id, typespois_id) VALUES (82, '82', '1' );
INSERT INTO public.values(id, value, createddate, users_id) VALUES (730, '{"longitude":"5.28753371098795"}',  '01/01/2014' , 1 );
INSERT INTO public.contributions(version, status, idfield, idvalue, idpoi) VALUES (1,'in progress', 1, 730, 82);
INSERT INTO public.values(id, value, createddate, users_id) VALUES (731, '{"latitude":"43.357035573516"}',  '01/01/2014' , 1 );
INSERT INTO public.contributions(version, status, idfield, idvalue, idpoi) VALUES (1,'in progress', 2, 731, 82);
INSERT INTO public.values(id, value, createddate, users_id) VALUES (732, '{"name":"Jardin de Corbi\u00e8res"}',  '01/01/2014' , 1 );
INSERT INTO public.contributions(version, status, idfield, idvalue, idpoi) VALUES (1,'in progress', 3, 732, 82);
INSERT INTO public.values(id, value, createddate, users_id) VALUES (733, '{"visit_time_min":"20"}',  '01/01/2014' , 1 );
INSERT INTO public.contributions(version, status, idfield, idvalue, idpoi) VALUES (1,'in progress', 9, 733, 82);
INSERT INTO public.values(id, value, createddate, users_id) VALUES (734, '{"visit_time_max":"60"}',  '01/01/2014' , 1 );
INSERT INTO public.contributions(version, status, idfield, idvalue, idpoi) VALUES (1,'in progress', 10, 734, 82);
INSERT INTO public.values(id, value, createddate, users_id) VALUES (735, '{"street":"Route du rove"}',  '01/01/2014' , 1 );
INSERT INTO public.contributions(version, status, idfield, idvalue, idpoi) VALUES (1,'in progress', 14, 735, 82);
INSERT INTO public.values(id, value, createddate, users_id) VALUES (736, '{"postal_code":"13016"}',  '01/01/2014' , 1 );
INSERT INTO public.contributions(version, status, idfield, idvalue, idpoi) VALUES (1,'in progress', 15, 736, 82);
INSERT INTO public.values(id, value, createddate, users_id) VALUES (737, '{"desc":"Parcs"}',  '01/01/2014' , 1 );
INSERT INTO public.contributions(version, status, idfield, idvalue, idpoi) VALUES (1,'in progress', 22, 737, 82);
INSERT INTO public.values(id, value, createddate, users_id) VALUES (738, '{"withchild":"1"}',  '01/01/2014' , 1 );
INSERT INTO public.contributions(version, status, idfield, idvalue, idpoi) VALUES (1,'in progress', 28, 738, 82);
INSERT INTO public.pois(id, tour_id, typespois_id) VALUES (83, '83', '1' );
INSERT INTO public.values(id, value, createddate, users_id) VALUES (739, '{"longitude":"5.35898318043063"}',  '01/01/2014' , 1 );
INSERT INTO public.contributions(version, status, idfield, idvalue, idpoi) VALUES (1,'in progress', 1, 739, 83);
INSERT INTO public.values(id, value, createddate, users_id) VALUES (740, '{"latitude":"43.2925731172416"}',  '01/01/2014' , 1 );
INSERT INTO public.contributions(version, status, idfield, idvalue, idpoi) VALUES (1,'in progress', 2, 740, 83);
INSERT INTO public.values(id, value, createddate, users_id) VALUES (741, '{"name":"Jardin Emile Duclaux"}',  '01/01/2014' , 1 );
INSERT INTO public.contributions(version, status, idfield, idvalue, idpoi) VALUES (1,'in progress', 3, 741, 83);
INSERT INTO public.values(id, value, createddate, users_id) VALUES (742, '{"visit_time_min":"20"}',  '01/01/2014' , 1 );
INSERT INTO public.contributions(version, status, idfield, idvalue, idpoi) VALUES (1,'in progress', 9, 742, 83);
INSERT INTO public.values(id, value, createddate, users_id) VALUES (743, '{"visit_time_max":"60"}',  '01/01/2014' , 1 );
INSERT INTO public.contributions(version, status, idfield, idvalue, idpoi) VALUES (1,'in progress', 10, 743, 83);
INSERT INTO public.values(id, value, createddate, users_id) VALUES (744, '{"street":"Boulevard Charles Livon"}',  '01/01/2014' , 1 );
INSERT INTO public.contributions(version, status, idfield, idvalue, idpoi) VALUES (1,'in progress', 14, 744, 83);
INSERT INTO public.values(id, value, createddate, users_id) VALUES (745, '{"postal_code":"13007"}',  '01/01/2014' , 1 );
INSERT INTO public.contributions(version, status, idfield, idvalue, idpoi) VALUES (1,'in progress', 15, 745, 83);
INSERT INTO public.values(id, value, createddate, users_id) VALUES (746, '{"desc":"Parcs"}',  '01/01/2014' , 1 );
INSERT INTO public.contributions(version, status, idfield, idvalue, idpoi) VALUES (1,'in progress', 22, 746, 83);
INSERT INTO public.values(id, value, createddate, users_id) VALUES (747, '{"withchild":"1"}',  '01/01/2014' , 1 );
INSERT INTO public.contributions(version, status, idfield, idvalue, idpoi) VALUES (1,'in progress', 28, 747, 83);
INSERT INTO public.pois(id, tour_id, typespois_id) VALUES (84, '84', '1' );
INSERT INTO public.values(id, value, createddate, users_id) VALUES (748, '{"longitude":"5.3794906378068"}',  '01/01/2014' , 1 );
INSERT INTO public.contributions(version, status, idfield, idvalue, idpoi) VALUES (1,'in progress', 1, 748, 84);
INSERT INTO public.values(id, value, createddate, users_id) VALUES (749, '{"latitude":"43.26146731224"}',  '01/01/2014' , 1 );
INSERT INTO public.contributions(version, status, idfield, idvalue, idpoi) VALUES (1,'in progress', 2, 749, 84);
INSERT INTO public.values(id, value, createddate, users_id) VALUES (750, '{"name":"Parc Bor\u00e9ly"}',  '01/01/2014' , 1 );
INSERT INTO public.contributions(version, status, idfield, idvalue, idpoi) VALUES (1,'in progress', 3, 750, 84);
INSERT INTO public.values(id, value, createddate, users_id) VALUES (751, '{"visit_time_min":"20"}',  '01/01/2014' , 1 );
INSERT INTO public.contributions(version, status, idfield, idvalue, idpoi) VALUES (1,'in progress', 9, 751, 84);
INSERT INTO public.values(id, value, createddate, users_id) VALUES (752, '{"visit_time_max":"120"}',  '01/01/2014' , 1 );
INSERT INTO public.contributions(version, status, idfield, idvalue, idpoi) VALUES (1,'in progress', 10, 752, 84);
INSERT INTO public.values(id, value, createddate, users_id) VALUES (753, '{"street":"Avenue du Prado"}',  '01/01/2014' , 1 );
INSERT INTO public.contributions(version, status, idfield, idvalue, idpoi) VALUES (1,'in progress', 14, 753, 84);
INSERT INTO public.values(id, value, createddate, users_id) VALUES (754, '{"postal_code":"13008"}',  '01/01/2014' , 1 );
INSERT INTO public.contributions(version, status, idfield, idvalue, idpoi) VALUES (1,'in progress', 15, 754, 84);
INSERT INTO public.values(id, value, createddate, users_id) VALUES (755, '{"desc":"Parcs"}',  '01/01/2014' , 1 );
INSERT INTO public.contributions(version, status, idfield, idvalue, idpoi) VALUES (1,'in progress', 22, 755, 84);
INSERT INTO public.values(id, value, createddate, users_id) VALUES (756, '{"withchild":"1"}',  '01/01/2014' , 1 );
INSERT INTO public.contributions(version, status, idfield, idvalue, idpoi) VALUES (1,'in progress', 28, 756, 84);
INSERT INTO public.pois(id, tour_id, typespois_id) VALUES (85, '85', '1' );
INSERT INTO public.values(id, value, createddate, users_id) VALUES (757, '{"longitude":"5.39657388181466"}',  '01/01/2014' , 1 );
INSERT INTO public.contributions(version, status, idfield, idvalue, idpoi) VALUES (1,'in progress', 1, 757, 85);
INSERT INTO public.values(id, value, createddate, users_id) VALUES (758, '{"latitude":"43.2476197845019"}',  '01/01/2014' , 1 );
INSERT INTO public.contributions(version, status, idfield, idvalue, idpoi) VALUES (1,'in progress', 2, 758, 85);
INSERT INTO public.values(id, value, createddate, users_id) VALUES (759, '{"name":"Parc Bortoli"}',  '01/01/2014' , 1 );
INSERT INTO public.contributions(version, status, idfield, idvalue, idpoi) VALUES (1,'in progress', 3, 759, 85);
INSERT INTO public.values(id, value, createddate, users_id) VALUES (760, '{"visit_time_min":"20"}',  '01/01/2014' , 1 );
INSERT INTO public.contributions(version, status, idfield, idvalue, idpoi) VALUES (1,'in progress', 9, 760, 85);
INSERT INTO public.values(id, value, createddate, users_id) VALUES (761, '{"visit_time_max":"60"}',  '01/01/2014' , 1 );
INSERT INTO public.contributions(version, status, idfield, idvalue, idpoi) VALUES (1,'in progress', 10, 761, 85);
INSERT INTO public.values(id, value, createddate, users_id) VALUES (762, '{"street":"Chemin du Lancier"}',  '01/01/2014' , 1 );
INSERT INTO public.contributions(version, status, idfield, idvalue, idpoi) VALUES (1,'in progress', 14, 762, 85);
INSERT INTO public.values(id, value, createddate, users_id) VALUES (763, '{"postal_code":"13008"}',  '01/01/2014' , 1 );
INSERT INTO public.contributions(version, status, idfield, idvalue, idpoi) VALUES (1,'in progress', 15, 763, 85);
INSERT INTO public.values(id, value, createddate, users_id) VALUES (764, '{"desc":"Parcs"}',  '01/01/2014' , 1 );
INSERT INTO public.contributions(version, status, idfield, idvalue, idpoi) VALUES (1,'in progress', 22, 764, 85);
INSERT INTO public.values(id, value, createddate, users_id) VALUES (765, '{"withchild":"1"}',  '01/01/2014' , 1 );
INSERT INTO public.contributions(version, status, idfield, idvalue, idpoi) VALUES (1,'in progress', 28, 765, 85);
INSERT INTO public.pois(id, tour_id, typespois_id) VALUES (86, '86', '1' );
INSERT INTO public.values(id, value, createddate, users_id) VALUES (766, '{"longitude":"5.44761434430984"}',  '01/01/2014' , 1 );
INSERT INTO public.contributions(version, status, idfield, idvalue, idpoi) VALUES (1,'in progress', 1, 766, 86);
INSERT INTO public.values(id, value, createddate, users_id) VALUES (767, '{"latitude":"43.2964185623651"}',  '01/01/2014' , 1 );
INSERT INTO public.contributions(version, status, idfield, idvalue, idpoi) VALUES (1,'in progress', 2, 767, 86);
INSERT INTO public.values(id, value, createddate, users_id) VALUES (768, '{"name":"Parc de la Mirabelle"}',  '01/01/2014' , 1 );
INSERT INTO public.contributions(version, status, idfield, idvalue, idpoi) VALUES (1,'in progress', 3, 768, 86);
INSERT INTO public.values(id, value, createddate, users_id) VALUES (769, '{"visit_time_min":"20"}',  '01/01/2014' , 1 );
INSERT INTO public.contributions(version, status, idfield, idvalue, idpoi) VALUES (1,'in progress', 9, 769, 86);
INSERT INTO public.values(id, value, createddate, users_id) VALUES (770, '{"visit_time_max":"60"}',  '01/01/2014' , 1 );
INSERT INTO public.contributions(version, status, idfield, idvalue, idpoi) VALUES (1,'in progress', 10, 770, 86);
INSERT INTO public.values(id, value, createddate, users_id) VALUES (771, '{"street":"Avenue William Booth"}',  '01/01/2014' , 1 );
INSERT INTO public.contributions(version, status, idfield, idvalue, idpoi) VALUES (1,'in progress', 14, 771, 86);
INSERT INTO public.values(id, value, createddate, users_id) VALUES (772, '{"postal_code":"13012"}',  '01/01/2014' , 1 );
INSERT INTO public.contributions(version, status, idfield, idvalue, idpoi) VALUES (1,'in progress', 15, 772, 86);
INSERT INTO public.values(id, value, createddate, users_id) VALUES (773, '{"desc":"Parcs"}',  '01/01/2014' , 1 );
INSERT INTO public.contributions(version, status, idfield, idvalue, idpoi) VALUES (1,'in progress', 22, 773, 86);
INSERT INTO public.values(id, value, createddate, users_id) VALUES (774, '{"withchild":"1"}',  '01/01/2014' , 1 );
INSERT INTO public.contributions(version, status, idfield, idvalue, idpoi) VALUES (1,'in progress', 28, 774, 86);
INSERT INTO public.pois(id, tour_id, typespois_id) VALUES (87, '87', '1' );
INSERT INTO public.values(id, value, createddate, users_id) VALUES (775, '{"longitude":"5.39655453661952"}',  '01/01/2014' , 1 );
INSERT INTO public.contributions(version, status, idfield, idvalue, idpoi) VALUES (1,'in progress', 1, 775, 87);
INSERT INTO public.values(id, value, createddate, users_id) VALUES (776, '{"latitude":"43.3051927376241"}',  '01/01/2014' , 1 );
INSERT INTO public.contributions(version, status, idfield, idvalue, idpoi) VALUES (1,'in progress', 2, 776, 87);
INSERT INTO public.values(id, value, createddate, users_id) VALUES (777, '{"name":"Parc Longchamp"}',  '01/01/2014' , 1 );
INSERT INTO public.contributions(version, status, idfield, idvalue, idpoi) VALUES (1,'in progress', 3, 777, 87);
INSERT INTO public.values(id, value, createddate, users_id) VALUES (778, '{"visit_time_min":"20"}',  '01/01/2014' , 1 );
INSERT INTO public.contributions(version, status, idfield, idvalue, idpoi) VALUES (1,'in progress', 9, 778, 87);
INSERT INTO public.values(id, value, createddate, users_id) VALUES (779, '{"visit_time_max":"120"}',  '01/01/2014' , 1 );
INSERT INTO public.contributions(version, status, idfield, idvalue, idpoi) VALUES (1,'in progress', 10, 779, 87);
INSERT INTO public.values(id, value, createddate, users_id) VALUES (780, '{"street":"Boulevard du Jardin zoologique"}',  '01/01/2014' , 1 );
INSERT INTO public.contributions(version, status, idfield, idvalue, idpoi) VALUES (1,'in progress', 14, 780, 87);
INSERT INTO public.values(id, value, createddate, users_id) VALUES (781, '{"postal_code":"13004"}',  '01/01/2014' , 1 );
INSERT INTO public.contributions(version, status, idfield, idvalue, idpoi) VALUES (1,'in progress', 15, 781, 87);
INSERT INTO public.values(id, value, createddate, users_id) VALUES (782, '{"desc":"Parcs"}',  '01/01/2014' , 1 );
INSERT INTO public.contributions(version, status, idfield, idvalue, idpoi) VALUES (1,'in progress', 22, 782, 87);
INSERT INTO public.values(id, value, createddate, users_id) VALUES (783, '{"withchild":"1"}',  '01/01/2014' , 1 );
INSERT INTO public.contributions(version, status, idfield, idvalue, idpoi) VALUES (1,'in progress', 28, 783, 87);
INSERT INTO public.pois(id, tour_id, typespois_id) VALUES (88, '88', '1' );
INSERT INTO public.values(id, value, createddate, users_id) VALUES (784, '{"longitude":"5.44421826139263"}',  '01/01/2014' , 1 );
INSERT INTO public.contributions(version, status, idfield, idvalue, idpoi) VALUES (1,'in progress', 1, 784, 88);
INSERT INTO public.values(id, value, createddate, users_id) VALUES (785, '{"latitude":"43.3331426270836"}',  '01/01/2014' , 1 );
INSERT INTO public.contributions(version, status, idfield, idvalue, idpoi) VALUES (1,'in progress', 2, 785, 88);
INSERT INTO public.values(id, value, createddate, users_id) VALUES (786, '{"name":"Parc de la Ravelle"}',  '01/01/2014' , 1 );
INSERT INTO public.contributions(version, status, idfield, idvalue, idpoi) VALUES (1,'in progress', 3, 786, 88);
INSERT INTO public.values(id, value, createddate, users_id) VALUES (787, '{"visit_time_min":"20"}',  '01/01/2014' , 1 );
INSERT INTO public.contributions(version, status, idfield, idvalue, idpoi) VALUES (1,'in progress', 9, 787, 88);
INSERT INTO public.values(id, value, createddate, users_id) VALUES (788, '{"visit_time_max":"60"}',  '01/01/2014' , 1 );
INSERT INTO public.contributions(version, status, idfield, idvalue, idpoi) VALUES (1,'in progress', 10, 788, 88);
INSERT INTO public.values(id, value, createddate, users_id) VALUES (789, '{"street":"Rues des Hauts Bois"}',  '01/01/2014' , 1 );
INSERT INTO public.contributions(version, status, idfield, idvalue, idpoi) VALUES (1,'in progress', 14, 789, 88);
INSERT INTO public.values(id, value, createddate, users_id) VALUES (790, '{"postal_code":"13013"}',  '01/01/2014' , 1 );
INSERT INTO public.contributions(version, status, idfield, idvalue, idpoi) VALUES (1,'in progress', 15, 790, 88);
INSERT INTO public.values(id, value, createddate, users_id) VALUES (791, '{"desc":"Parcs"}',  '01/01/2014' , 1 );
INSERT INTO public.contributions(version, status, idfield, idvalue, idpoi) VALUES (1,'in progress', 22, 791, 88);
INSERT INTO public.values(id, value, createddate, users_id) VALUES (792, '{"withchild":"1"}',  '01/01/2014' , 1 );
INSERT INTO public.contributions(version, status, idfield, idvalue, idpoi) VALUES (1,'in progress', 28, 792, 88);
INSERT INTO public.pois(id, tour_id, typespois_id) VALUES (89, '89', '1' );
INSERT INTO public.values(id, value, createddate, users_id) VALUES (793, '{"longitude":"5.35424460274158"}',  '01/01/2014' , 1 );
INSERT INTO public.contributions(version, status, idfield, idvalue, idpoi) VALUES (1,'in progress', 1, 793, 89);
INSERT INTO public.values(id, value, createddate, users_id) VALUES (794, '{"latitude":"43.2789595897071"}',  '01/01/2014' , 1 );
INSERT INTO public.contributions(version, status, idfield, idvalue, idpoi) VALUES (1,'in progress', 2, 794, 89);
INSERT INTO public.values(id, value, createddate, users_id) VALUES (795, '{"name":"Parc Valmer"}',  '01/01/2014' , 1 );
INSERT INTO public.contributions(version, status, idfield, idvalue, idpoi) VALUES (1,'in progress', 3, 795, 89);
INSERT INTO public.values(id, value, createddate, users_id) VALUES (796, '{"visit_time_min":"20"}',  '01/01/2014' , 1 );
INSERT INTO public.contributions(version, status, idfield, idvalue, idpoi) VALUES (1,'in progress', 9, 796, 89);
INSERT INTO public.values(id, value, createddate, users_id) VALUES (797, '{"visit_time_max":"60"}',  '01/01/2014' , 1 );
INSERT INTO public.contributions(version, status, idfield, idvalue, idpoi) VALUES (1,'in progress', 10, 797, 89);
INSERT INTO public.values(id, value, createddate, users_id) VALUES (798, '{"street":"Corniche JF Kennedy"}',  '01/01/2014' , 1 );
INSERT INTO public.contributions(version, status, idfield, idvalue, idpoi) VALUES (1,'in progress', 14, 798, 89);
INSERT INTO public.values(id, value, createddate, users_id) VALUES (799, '{"postal_code":"13007"}',  '01/01/2014' , 1 );
INSERT INTO public.contributions(version, status, idfield, idvalue, idpoi) VALUES (1,'in progress', 15, 799, 89);
INSERT INTO public.values(id, value, createddate, users_id) VALUES (800, '{"desc":"Parcs"}',  '01/01/2014' , 1 );
INSERT INTO public.contributions(version, status, idfield, idvalue, idpoi) VALUES (1,'in progress', 22, 800, 89);
INSERT INTO public.values(id, value, createddate, users_id) VALUES (801, '{"withchild":"1"}',  '01/01/2014' , 1 );
INSERT INTO public.contributions(version, status, idfield, idvalue, idpoi) VALUES (1,'in progress', 28, 801, 89);
INSERT INTO public.pois(id, tour_id, typespois_id) VALUES (90, '90', '1' );
INSERT INTO public.values(id, value, createddate, users_id) VALUES (802, '{"longitude":"5.41554289620093"}',  '01/01/2014' , 1 );
INSERT INTO public.contributions(version, status, idfield, idvalue, idpoi) VALUES (1,'in progress', 1, 802, 90);
INSERT INTO public.values(id, value, createddate, users_id) VALUES (803, '{"latitude":"43.3244217167152"}',  '01/01/2014' , 1 );
INSERT INTO public.contributions(version, status, idfield, idvalue, idpoi) VALUES (1,'in progress', 2, 803, 90);
INSERT INTO public.values(id, value, createddate, users_id) VALUES (804, '{"name":"Parc du Ginestet"}',  '01/01/2014' , 1 );
INSERT INTO public.contributions(version, status, idfield, idvalue, idpoi) VALUES (1,'in progress', 3, 804, 90);
INSERT INTO public.values(id, value, createddate, users_id) VALUES (805, '{"visit_time_min":"20"}',  '01/01/2014' , 1 );
INSERT INTO public.contributions(version, status, idfield, idvalue, idpoi) VALUES (1,'in progress', 9, 805, 90);
INSERT INTO public.values(id, value, createddate, users_id) VALUES (806, '{"visit_time_max":"60"}',  '01/01/2014' , 1 );
INSERT INTO public.contributions(version, status, idfield, idvalue, idpoi) VALUES (1,'in progress', 10, 806, 90);
INSERT INTO public.values(id, value, createddate, users_id) VALUES (807, '{"street":"Avenue de Valdonne"}',  '01/01/2014' , 1 );
INSERT INTO public.contributions(version, status, idfield, idvalue, idpoi) VALUES (1,'in progress', 14, 807, 90);
INSERT INTO public.values(id, value, createddate, users_id) VALUES (808, '{"postal_code":"13013"}',  '01/01/2014' , 1 );
INSERT INTO public.contributions(version, status, idfield, idvalue, idpoi) VALUES (1,'in progress', 15, 808, 90);
INSERT INTO public.values(id, value, createddate, users_id) VALUES (809, '{"desc":"Parcs"}',  '01/01/2014' , 1 );
INSERT INTO public.contributions(version, status, idfield, idvalue, idpoi) VALUES (1,'in progress', 22, 809, 90);
INSERT INTO public.values(id, value, createddate, users_id) VALUES (810, '{"withchild":"1"}',  '01/01/2014' , 1 );
INSERT INTO public.contributions(version, status, idfield, idvalue, idpoi) VALUES (1,'in progress', 28, 810, 90);
INSERT INTO public.pois(id, tour_id, typespois_id) VALUES (91, '91', '1' );
INSERT INTO public.values(id, value, createddate, users_id) VALUES (811, '{"longitude":"5.31708504306919"}',  '01/01/2014' , 1 );
INSERT INTO public.contributions(version, status, idfield, idvalue, idpoi) VALUES (1,'in progress', 1, 811, 91);
INSERT INTO public.values(id, value, createddate, users_id) VALUES (812, '{"latitude":"43.3629002879693"}',  '01/01/2014' , 1 );
INSERT INTO public.contributions(version, status, idfield, idvalue, idpoi) VALUES (1,'in progress', 2, 812, 91);
INSERT INTO public.values(id, value, createddate, users_id) VALUES (813, '{"name":"Parc de la Minerve"}',  '01/01/2014' , 1 );
INSERT INTO public.contributions(version, status, idfield, idvalue, idpoi) VALUES (1,'in progress', 3, 813, 91);
INSERT INTO public.values(id, value, createddate, users_id) VALUES (814, '{"visit_time_min":"20"}',  '01/01/2014' , 1 );
INSERT INTO public.contributions(version, status, idfield, idvalue, idpoi) VALUES (1,'in progress', 9, 814, 91);
INSERT INTO public.values(id, value, createddate, users_id) VALUES (815, '{"visit_time_max":"60"}',  '01/01/2014' , 1 );
INSERT INTO public.contributions(version, status, idfield, idvalue, idpoi) VALUES (1,'in progress', 10, 815, 91);
INSERT INTO public.values(id, value, createddate, users_id) VALUES (816, '{"street":"Rue Roger Chieusse"}',  '01/01/2014' , 1 );
INSERT INTO public.contributions(version, status, idfield, idvalue, idpoi) VALUES (1,'in progress', 14, 816, 91);
INSERT INTO public.values(id, value, createddate, users_id) VALUES (817, '{"postal_code":"13016"}',  '01/01/2014' , 1 );
INSERT INTO public.contributions(version, status, idfield, idvalue, idpoi) VALUES (1,'in progress', 15, 817, 91);
INSERT INTO public.values(id, value, createddate, users_id) VALUES (818, '{"desc":"Parcs"}',  '01/01/2014' , 1 );
INSERT INTO public.contributions(version, status, idfield, idvalue, idpoi) VALUES (1,'in progress', 22, 818, 91);
INSERT INTO public.values(id, value, createddate, users_id) VALUES (819, '{"withchild":"1"}',  '01/01/2014' , 1 );
INSERT INTO public.contributions(version, status, idfield, idvalue, idpoi) VALUES (1,'in progress', 28, 819, 91);
INSERT INTO public.pois(id, tour_id, typespois_id) VALUES (92, '92', '1' );
INSERT INTO public.values(id, value, createddate, users_id) VALUES (820, '{"longitude":"5.38387392356113"}',  '01/01/2014' , 1 );
INSERT INTO public.contributions(version, status, idfield, idvalue, idpoi) VALUES (1,'in progress', 1, 820, 92);
INSERT INTO public.values(id, value, createddate, users_id) VALUES (821, '{"latitude":"43.2642868791987"}',  '01/01/2014' , 1 );
INSERT INTO public.contributions(version, status, idfield, idvalue, idpoi) VALUES (1,'in progress', 2, 821, 92);
INSERT INTO public.values(id, value, createddate, users_id) VALUES (822, '{"name":"Parc Henri Fabre"}',  '01/01/2014' , 1 );
INSERT INTO public.contributions(version, status, idfield, idvalue, idpoi) VALUES (1,'in progress', 3, 822, 92);
INSERT INTO public.values(id, value, createddate, users_id) VALUES (823, '{"visit_time_min":"20"}',  '01/01/2014' , 1 );
INSERT INTO public.contributions(version, status, idfield, idvalue, idpoi) VALUES (1,'in progress', 9, 823, 92);
INSERT INTO public.values(id, value, createddate, users_id) VALUES (824, '{"visit_time_max":"60"}',  '01/01/2014' , 1 );
INSERT INTO public.contributions(version, status, idfield, idvalue, idpoi) VALUES (1,'in progress', 10, 824, 92);
INSERT INTO public.values(id, value, createddate, users_id) VALUES (825, '{"street":"Boulevard de Gab\u00e8s"}',  '01/01/2014' , 1 );
INSERT INTO public.contributions(version, status, idfield, idvalue, idpoi) VALUES (1,'in progress', 14, 825, 92);
INSERT INTO public.values(id, value, createddate, users_id) VALUES (826, '{"postal_code":"13008"}',  '01/01/2014' , 1 );
INSERT INTO public.contributions(version, status, idfield, idvalue, idpoi) VALUES (1,'in progress', 15, 826, 92);
INSERT INTO public.values(id, value, createddate, users_id) VALUES (827, '{"desc":"Parcs"}',  '01/01/2014' , 1 );
INSERT INTO public.contributions(version, status, idfield, idvalue, idpoi) VALUES (1,'in progress', 22, 827, 92);
INSERT INTO public.values(id, value, createddate, users_id) VALUES (828, '{"withchild":"1"}',  '01/01/2014' , 1 );
INSERT INTO public.contributions(version, status, idfield, idvalue, idpoi) VALUES (1,'in progress', 28, 828, 92);
INSERT INTO public.pois(id, tour_id, typespois_id) VALUES (93, '93', '1' );
INSERT INTO public.values(id, value, createddate, users_id) VALUES (829, '{"longitude":"5.40078591238198"}',  '01/01/2014' , 1 );
INSERT INTO public.contributions(version, status, idfield, idvalue, idpoi) VALUES (1,'in progress', 1, 829, 93);
INSERT INTO public.values(id, value, createddate, users_id) VALUES (830, '{"latitude":"43.3280302636681"}',  '01/01/2014' , 1 );
INSERT INTO public.contributions(version, status, idfield, idvalue, idpoi) VALUES (1,'in progress', 2, 830, 93);
INSERT INTO public.values(id, value, createddate, users_id) VALUES (831, '{"name":"Parc de Font Obscure"}',  '01/01/2014' , 1 );
INSERT INTO public.contributions(version, status, idfield, idvalue, idpoi) VALUES (1,'in progress', 3, 831, 93);
INSERT INTO public.values(id, value, createddate, users_id) VALUES (832, '{"visit_time_min":"20"}',  '01/01/2014' , 1 );
INSERT INTO public.contributions(version, status, idfield, idvalue, idpoi) VALUES (1,'in progress', 9, 832, 93);
INSERT INTO public.values(id, value, createddate, users_id) VALUES (833, '{"visit_time_max":"60"}',  '01/01/2014' , 1 );
INSERT INTO public.contributions(version, status, idfield, idvalue, idpoi) VALUES (1,'in progress', 10, 833, 93);
INSERT INTO public.values(id, value, createddate, users_id) VALUES (834, '{"street":"Avenue Prosper M\u00e9rim\u00e9e"}',  '01/01/2014' , 1 );
INSERT INTO public.contributions(version, status, idfield, idvalue, idpoi) VALUES (1,'in progress', 14, 834, 93);
INSERT INTO public.values(id, value, createddate, users_id) VALUES (835, '{"postal_code":"13014"}',  '01/01/2014' , 1 );
INSERT INTO public.contributions(version, status, idfield, idvalue, idpoi) VALUES (1,'in progress', 15, 835, 93);
INSERT INTO public.values(id, value, createddate, users_id) VALUES (836, '{"desc":"Parcs"}',  '01/01/2014' , 1 );
INSERT INTO public.contributions(version, status, idfield, idvalue, idpoi) VALUES (1,'in progress', 22, 836, 93);
INSERT INTO public.values(id, value, createddate, users_id) VALUES (837, '{"withchild":"1"}',  '01/01/2014' , 1 );
INSERT INTO public.contributions(version, status, idfield, idvalue, idpoi) VALUES (1,'in progress', 28, 837, 93);
INSERT INTO public.pois(id, tour_id, typespois_id) VALUES (94, '94', '1' );
INSERT INTO public.values(id, value, createddate, users_id) VALUES (838, '{"longitude":"5.3654212089571"}',  '01/01/2014' , 1 );
INSERT INTO public.contributions(version, status, idfield, idvalue, idpoi) VALUES (1,'in progress', 1, 838, 94);
INSERT INTO public.values(id, value, createddate, users_id) VALUES (839, '{"latitude":"43.3332936901792"}',  '01/01/2014' , 1 );
INSERT INTO public.contributions(version, status, idfield, idvalue, idpoi) VALUES (1,'in progress', 2, 839, 94);
INSERT INTO public.values(id, value, createddate, users_id) VALUES (840, '{"name":"Parc Fran\u00c1ois Billoux"}',  '01/01/2014' , 1 );
INSERT INTO public.contributions(version, status, idfield, idvalue, idpoi) VALUES (1,'in progress', 3, 840, 94);
INSERT INTO public.values(id, value, createddate, users_id) VALUES (841, '{"visit_time_min":"20"}',  '01/01/2014' , 1 );
INSERT INTO public.contributions(version, status, idfield, idvalue, idpoi) VALUES (1,'in progress', 9, 841, 94);
INSERT INTO public.values(id, value, createddate, users_id) VALUES (842, '{"visit_time_max":"60"}',  '01/01/2014' , 1 );
INSERT INTO public.contributions(version, status, idfield, idvalue, idpoi) VALUES (1,'in progress', 10, 842, 94);
INSERT INTO public.values(id, value, createddate, users_id) VALUES (843, '{"street":"246 rue de Lyon"}',  '01/01/2014' , 1 );
INSERT INTO public.contributions(version, status, idfield, idvalue, idpoi) VALUES (1,'in progress', 14, 843, 94);
INSERT INTO public.values(id, value, createddate, users_id) VALUES (844, '{"postal_code":"13015"}',  '01/01/2014' , 1 );
INSERT INTO public.contributions(version, status, idfield, idvalue, idpoi) VALUES (1,'in progress', 15, 844, 94);
INSERT INTO public.values(id, value, createddate, users_id) VALUES (845, '{"desc":"Parcs"}',  '01/01/2014' , 1 );
INSERT INTO public.contributions(version, status, idfield, idvalue, idpoi) VALUES (1,'in progress', 22, 845, 94);
INSERT INTO public.values(id, value, createddate, users_id) VALUES (846, '{"withchild":"1"}',  '01/01/2014' , 1 );
INSERT INTO public.contributions(version, status, idfield, idvalue, idpoi) VALUES (1,'in progress', 28, 846, 94);
INSERT INTO public.pois(id, tour_id, typespois_id) VALUES (95, '95', '1' );
INSERT INTO public.values(id, value, createddate, users_id) VALUES (847, '{"longitude":"5.37242527677236"}',  '01/01/2014' , 1 );
INSERT INTO public.contributions(version, status, idfield, idvalue, idpoi) VALUES (1,'in progress', 1, 847, 95);
INSERT INTO public.values(id, value, createddate, users_id) VALUES (848, '{"latitude":"43.2848459844745"}',  '01/01/2014' , 1 );
INSERT INTO public.contributions(version, status, idfield, idvalue, idpoi) VALUES (1,'in progress', 2, 848, 95);
INSERT INTO public.values(id, value, createddate, users_id) VALUES (849, '{"name":"Jardin du Bois Sacr\u00e9"}',  '01/01/2014' , 1 );
INSERT INTO public.contributions(version, status, idfield, idvalue, idpoi) VALUES (1,'in progress', 3, 849, 95);
INSERT INTO public.values(id, value, createddate, users_id) VALUES (850, '{"visit_time_min":"20"}',  '01/01/2014' , 1 );
INSERT INTO public.contributions(version, status, idfield, idvalue, idpoi) VALUES (1,'in progress', 9, 850, 95);
INSERT INTO public.values(id, value, createddate, users_id) VALUES (851, '{"visit_time_max":"60"}',  '01/01/2014' , 1 );
INSERT INTO public.contributions(version, status, idfield, idvalue, idpoi) VALUES (1,'in progress', 10, 851, 95);
INSERT INTO public.values(id, value, createddate, users_id) VALUES (852, '{"street":"Rue du bois Sacr\u00e9"}',  '01/01/2014' , 1 );
INSERT INTO public.contributions(version, status, idfield, idvalue, idpoi) VALUES (1,'in progress', 14, 852, 95);
INSERT INTO public.values(id, value, createddate, users_id) VALUES (853, '{"postal_code":"13007"}',  '01/01/2014' , 1 );
INSERT INTO public.contributions(version, status, idfield, idvalue, idpoi) VALUES (1,'in progress', 15, 853, 95);
INSERT INTO public.values(id, value, createddate, users_id) VALUES (854, '{"desc":"Parcs"}',  '01/01/2014' , 1 );
INSERT INTO public.contributions(version, status, idfield, idvalue, idpoi) VALUES (1,'in progress', 22, 854, 95);
INSERT INTO public.values(id, value, createddate, users_id) VALUES (855, '{"withchild":"1"}',  '01/01/2014' , 1 );
INSERT INTO public.contributions(version, status, idfield, idvalue, idpoi) VALUES (1,'in progress', 28, 855, 95);
INSERT INTO public.pois(id, tour_id, typespois_id) VALUES (96, '96', '1' );
INSERT INTO public.values(id, value, createddate, users_id) VALUES (856, '{"longitude":"5.43716648990786"}',  '01/01/2014' , 1 );
INSERT INTO public.contributions(version, status, idfield, idvalue, idpoi) VALUES (1,'in progress', 1, 856, 96);
INSERT INTO public.values(id, value, createddate, users_id) VALUES (857, '{"latitude":"43.2291625004162"}',  '01/01/2014' , 1 );
INSERT INTO public.contributions(version, status, idfield, idvalue, idpoi) VALUES (1,'in progress', 2, 857, 96);
INSERT INTO public.values(id, value, createddate, users_id) VALUES (858, '{"name":"Domaine de Luminy"}',  '01/01/2014' , 1 );
INSERT INTO public.contributions(version, status, idfield, idvalue, idpoi) VALUES (1,'in progress', 3, 858, 96);
INSERT INTO public.values(id, value, createddate, users_id) VALUES (859, '{"visit_time_min":"60"}',  '01/01/2014' , 1 );
INSERT INTO public.contributions(version, status, idfield, idvalue, idpoi) VALUES (1,'in progress', 9, 859, 96);
INSERT INTO public.values(id, value, createddate, users_id) VALUES (860, '{"visit_time_max":"420"}',  '01/01/2014' , 1 );
INSERT INTO public.contributions(version, status, idfield, idvalue, idpoi) VALUES (1,'in progress', 10, 860, 96);
INSERT INTO public.values(id, value, createddate, users_id) VALUES (861, '{"street":"Route L\u00e9on Lachamp"}',  '01/01/2014' , 1 );
INSERT INTO public.contributions(version, status, idfield, idvalue, idpoi) VALUES (1,'in progress', 14, 861, 96);
INSERT INTO public.values(id, value, createddate, users_id) VALUES (862, '{"postal_code":"13009"}',  '01/01/2014' , 1 );
INSERT INTO public.contributions(version, status, idfield, idvalue, idpoi) VALUES (1,'in progress', 15, 862, 96);
INSERT INTO public.values(id, value, createddate, users_id) VALUES (863, '{"desc":"Parcs"}',  '01/01/2014' , 1 );
INSERT INTO public.contributions(version, status, idfield, idvalue, idpoi) VALUES (1,'in progress', 22, 863, 96);
INSERT INTO public.values(id, value, createddate, users_id) VALUES (864, '{"withchild":"1"}',  '01/01/2014' , 1 );
INSERT INTO public.contributions(version, status, idfield, idvalue, idpoi) VALUES (1,'in progress', 28, 864, 96);
INSERT INTO public.pois(id, tour_id, typespois_id) VALUES (97, '97', '1' );
INSERT INTO public.values(id, value, createddate, users_id) VALUES (865, '{"longitude":"5.37986523056756"}',  '01/01/2014' , 1 );
INSERT INTO public.contributions(version, status, idfield, idvalue, idpoi) VALUES (1,'in progress', 1, 865, 97);
INSERT INTO public.values(id, value, createddate, users_id) VALUES (866, '{"latitude":"43.3451253811543"}',  '01/01/2014' , 1 );
INSERT INTO public.contributions(version, status, idfield, idvalue, idpoi) VALUES (1,'in progress', 2, 866, 97);
INSERT INTO public.values(id, value, createddate, users_id) VALUES (867, '{"name":"Parc du Grand S\u00e9minaire"}',  '01/01/2014' , 1 );
INSERT INTO public.contributions(version, status, idfield, idvalue, idpoi) VALUES (1,'in progress', 3, 867, 97);
INSERT INTO public.values(id, value, createddate, users_id) VALUES (868, '{"visit_time_min":"20"}',  '01/01/2014' , 1 );
INSERT INTO public.contributions(version, status, idfield, idvalue, idpoi) VALUES (1,'in progress', 9, 868, 97);
INSERT INTO public.values(id, value, createddate, users_id) VALUES (869, '{"visit_time_max":"60"}',  '01/01/2014' , 1 );
INSERT INTO public.contributions(version, status, idfield, idvalue, idpoi) VALUES (1,'in progress', 10, 869, 97);
INSERT INTO public.values(id, value, createddate, users_id) VALUES (870, '{"street":"Avenue Paul Coxe"}',  '01/01/2014' , 1 );
INSERT INTO public.contributions(version, status, idfield, idvalue, idpoi) VALUES (1,'in progress', 14, 870, 97);
INSERT INTO public.values(id, value, createddate, users_id) VALUES (871, '{"postal_code":"13014"}',  '01/01/2014' , 1 );
INSERT INTO public.contributions(version, status, idfield, idvalue, idpoi) VALUES (1,'in progress', 15, 871, 97);
INSERT INTO public.values(id, value, createddate, users_id) VALUES (872, '{"desc":"Parcs"}',  '01/01/2014' , 1 );
INSERT INTO public.contributions(version, status, idfield, idvalue, idpoi) VALUES (1,'in progress', 22, 872, 97);
INSERT INTO public.values(id, value, createddate, users_id) VALUES (873, '{"withchild":"1"}',  '01/01/2014' , 1 );
INSERT INTO public.contributions(version, status, idfield, idvalue, idpoi) VALUES (1,'in progress', 28, 873, 97);
INSERT INTO public.pois(id, tour_id, typespois_id) VALUES (98, '98', '1' );
INSERT INTO public.values(id, value, createddate, users_id) VALUES (874, '{"longitude":"5.3913049217843"}',  '01/01/2014' , 1 );
INSERT INTO public.contributions(version, status, idfield, idvalue, idpoi) VALUES (1,'in progress', 1, 874, 98);
INSERT INTO public.values(id, value, createddate, users_id) VALUES (875, '{"latitude":"43.2497928101416"}',  '01/01/2014' , 1 );
INSERT INTO public.contributions(version, status, idfield, idvalue, idpoi) VALUES (1,'in progress', 2, 875, 98);
INSERT INTO public.values(id, value, createddate, users_id) VALUES (876, '{"name":"Parc Central de Bonneveine"}',  '01/01/2014' , 1 );
INSERT INTO public.contributions(version, status, idfield, idvalue, idpoi) VALUES (1,'in progress', 3, 876, 98);
INSERT INTO public.values(id, value, createddate, users_id) VALUES (877, '{"visit_time_min":"20"}',  '01/01/2014' , 1 );
INSERT INTO public.contributions(version, status, idfield, idvalue, idpoi) VALUES (1,'in progress', 9, 877, 98);
INSERT INTO public.values(id, value, createddate, users_id) VALUES (878, '{"visit_time_max":"60"}',  '01/01/2014' , 1 );
INSERT INTO public.contributions(version, status, idfield, idvalue, idpoi) VALUES (1,'in progress', 10, 878, 98);
INSERT INTO public.values(id, value, createddate, users_id) VALUES (879, '{"street":"Avenue de Hambourg"}',  '01/01/2014' , 1 );
INSERT INTO public.contributions(version, status, idfield, idvalue, idpoi) VALUES (1,'in progress', 14, 879, 98);
INSERT INTO public.values(id, value, createddate, users_id) VALUES (880, '{"postal_code":"13008"}',  '01/01/2014' , 1 );
INSERT INTO public.contributions(version, status, idfield, idvalue, idpoi) VALUES (1,'in progress', 15, 880, 98);
INSERT INTO public.values(id, value, createddate, users_id) VALUES (881, '{"desc":"Parcs"}',  '01/01/2014' , 1 );
INSERT INTO public.contributions(version, status, idfield, idvalue, idpoi) VALUES (1,'in progress', 22, 881, 98);
INSERT INTO public.values(id, value, createddate, users_id) VALUES (882, '{"withchild":"1"}',  '01/01/2014' , 1 );
INSERT INTO public.contributions(version, status, idfield, idvalue, idpoi) VALUES (1,'in progress', 28, 882, 98);
INSERT INTO public.pois(id, tour_id, typespois_id) VALUES (99, '99', '1' );
INSERT INTO public.values(id, value, createddate, users_id) VALUES (883, '{"longitude":"5.41545787504148"}',  '01/01/2014' , 1 );
INSERT INTO public.contributions(version, status, idfield, idvalue, idpoi) VALUES (1,'in progress', 1, 883, 99);
INSERT INTO public.values(id, value, createddate, users_id) VALUES (884, '{"latitude":"43.2672565876682"}',  '01/01/2014' , 1 );
INSERT INTO public.contributions(version, status, idfield, idvalue, idpoi) VALUES (1,'in progress', 2, 884, 99);
INSERT INTO public.values(id, value, createddate, users_id) VALUES (885, '{"name":"Parc de la Maison Blanche"}',  '01/01/2014' , 1 );
INSERT INTO public.contributions(version, status, idfield, idvalue, idpoi) VALUES (1,'in progress', 3, 885, 99);
INSERT INTO public.values(id, value, createddate, users_id) VALUES (886, '{"visit_time_min":"20"}',  '01/01/2014' , 1 );
INSERT INTO public.contributions(version, status, idfield, idvalue, idpoi) VALUES (1,'in progress', 9, 886, 99);
INSERT INTO public.values(id, value, createddate, users_id) VALUES (887, '{"visit_time_max":"60"}',  '01/01/2014' , 1 );
INSERT INTO public.contributions(version, status, idfield, idvalue, idpoi) VALUES (1,'in progress', 10, 887, 99);
INSERT INTO public.values(id, value, createddate, users_id) VALUES (888, '{"street":"Boulevard Paul claudel"}',  '01/01/2014' , 1 );
INSERT INTO public.contributions(version, status, idfield, idvalue, idpoi) VALUES (1,'in progress', 14, 888, 99);
INSERT INTO public.values(id, value, createddate, users_id) VALUES (889, '{"postal_code":"13009"}',  '01/01/2014' , 1 );
INSERT INTO public.contributions(version, status, idfield, idvalue, idpoi) VALUES (1,'in progress', 15, 889, 99);
INSERT INTO public.values(id, value, createddate, users_id) VALUES (890, '{"desc":"Parcs"}',  '01/01/2014' , 1 );
INSERT INTO public.contributions(version, status, idfield, idvalue, idpoi) VALUES (1,'in progress', 22, 890, 99);
INSERT INTO public.values(id, value, createddate, users_id) VALUES (891, '{"withchild":"1"}',  '01/01/2014' , 1 );
INSERT INTO public.contributions(version, status, idfield, idvalue, idpoi) VALUES (1,'in progress', 28, 891, 99);
INSERT INTO public.pois(id, tour_id, typespois_id) VALUES (100, '100', '1' );
INSERT INTO public.values(id, value, createddate, users_id) VALUES (892, '{"longitude":"5.36701268600511"}',  '01/01/2014' , 1 );
INSERT INTO public.contributions(version, status, idfield, idvalue, idpoi) VALUES (1,'in progress', 1, 892, 100);
INSERT INTO public.values(id, value, createddate, users_id) VALUES (893, '{"latitude":"43.2398299856709"}',  '01/01/2014' , 1 );
INSERT INTO public.contributions(version, status, idfield, idvalue, idpoi) VALUES (1,'in progress', 2, 893, 100);
INSERT INTO public.values(id, value, createddate, users_id) VALUES (894, '{"name":"Parc Pastr\u00e9"}',  '01/01/2014' , 1 );
INSERT INTO public.contributions(version, status, idfield, idvalue, idpoi) VALUES (1,'in progress', 3, 894, 100);
INSERT INTO public.values(id, value, createddate, users_id) VALUES (895, '{"visit_time_min":"30"}',  '01/01/2014' , 1 );
INSERT INTO public.contributions(version, status, idfield, idvalue, idpoi) VALUES (1,'in progress', 9, 895, 100);
INSERT INTO public.values(id, value, createddate, users_id) VALUES (896, '{"visit_time_max":"240"}',  '01/01/2014' , 1 );
INSERT INTO public.contributions(version, status, idfield, idvalue, idpoi) VALUES (1,'in progress', 10, 896, 100);
INSERT INTO public.values(id, value, createddate, users_id) VALUES (897, '{"street":"Avenue de Montredon"}',  '01/01/2014' , 1 );
INSERT INTO public.contributions(version, status, idfield, idvalue, idpoi) VALUES (1,'in progress', 14, 897, 100);
INSERT INTO public.values(id, value, createddate, users_id) VALUES (898, '{"postal_code":"13008"}',  '01/01/2014' , 1 );
INSERT INTO public.contributions(version, status, idfield, idvalue, idpoi) VALUES (1,'in progress', 15, 898, 100);
INSERT INTO public.values(id, value, createddate, users_id) VALUES (899, '{"desc":"Parcs"}',  '01/01/2014' , 1 );
INSERT INTO public.contributions(version, status, idfield, idvalue, idpoi) VALUES (1,'in progress', 22, 899, 100);
INSERT INTO public.values(id, value, createddate, users_id) VALUES (900, '{"withchild":"1"}',  '01/01/2014' , 1 );
INSERT INTO public.contributions(version, status, idfield, idvalue, idpoi) VALUES (1,'in progress', 28, 900, 100);
INSERT INTO public.pois(id, tour_id, typespois_id) VALUES (101, '101', '1' );
INSERT INTO public.values(id, value, createddate, users_id) VALUES (901, '{"longitude":"5.35688916858396"}',  '01/01/2014' , 1 );
INSERT INTO public.contributions(version, status, idfield, idvalue, idpoi) VALUES (1,'in progress', 1, 901, 101);
INSERT INTO public.values(id, value, createddate, users_id) VALUES (902, '{"latitude":"43.354017105184"}',  '01/01/2014' , 1 );
INSERT INTO public.contributions(version, status, idfield, idvalue, idpoi) VALUES (1,'in progress', 2, 902, 101);
INSERT INTO public.values(id, value, createddate, users_id) VALUES (903, '{"name":"Parc Br\u00e9gante"}',  '01/01/2014' , 1 );
INSERT INTO public.contributions(version, status, idfield, idvalue, idpoi) VALUES (1,'in progress', 3, 903, 101);
INSERT INTO public.values(id, value, createddate, users_id) VALUES (904, '{"visit_time_min":"20"}',  '01/01/2014' , 1 );
INSERT INTO public.contributions(version, status, idfield, idvalue, idpoi) VALUES (1,'in progress', 9, 904, 101);
INSERT INTO public.values(id, value, createddate, users_id) VALUES (905, '{"visit_time_max":"60"}',  '01/01/2014' , 1 );
INSERT INTO public.contributions(version, status, idfield, idvalue, idpoi) VALUES (1,'in progress', 10, 905, 101);
INSERT INTO public.values(id, value, createddate, users_id) VALUES (906, '{"street":"Avenue de la Viste"}',  '01/01/2014' , 1 );
INSERT INTO public.contributions(version, status, idfield, idvalue, idpoi) VALUES (1,'in progress', 14, 906, 101);
INSERT INTO public.values(id, value, createddate, users_id) VALUES (907, '{"postal_code":"13014"}',  '01/01/2014' , 1 );
INSERT INTO public.contributions(version, status, idfield, idvalue, idpoi) VALUES (1,'in progress', 15, 907, 101);
INSERT INTO public.values(id, value, createddate, users_id) VALUES (908, '{"desc":"Parcs"}',  '01/01/2014' , 1 );
INSERT INTO public.contributions(version, status, idfield, idvalue, idpoi) VALUES (1,'in progress', 22, 908, 101);
INSERT INTO public.values(id, value, createddate, users_id) VALUES (909, '{"withchild":"1"}',  '01/01/2014' , 1 );
INSERT INTO public.contributions(version, status, idfield, idvalue, idpoi) VALUES (1,'in progress', 28, 909, 101);
INSERT INTO public.pois(id, tour_id, typespois_id) VALUES (102, '102', '1' );
INSERT INTO public.values(id, value, createddate, users_id) VALUES (910, '{"longitude":"5.44080198137551"}',  '01/01/2014' , 1 );
INSERT INTO public.contributions(version, status, idfield, idvalue, idpoi) VALUES (1,'in progress', 1, 910, 102);
INSERT INTO public.values(id, value, createddate, users_id) VALUES (911, '{"latitude":"43.2830213757965"}',  '01/01/2014' , 1 );
INSERT INTO public.contributions(version, status, idfield, idvalue, idpoi) VALUES (1,'in progress', 2, 911, 102);
INSERT INTO public.values(id, value, createddate, users_id) VALUES (912, '{"name":"Parc Saint Cyr"}',  '01/01/2014' , 1 );
INSERT INTO public.contributions(version, status, idfield, idvalue, idpoi) VALUES (1,'in progress', 3, 912, 102);
INSERT INTO public.values(id, value, createddate, users_id) VALUES (913, '{"visit_time_min":"20"}',  '01/01/2014' , 1 );
INSERT INTO public.contributions(version, status, idfield, idvalue, idpoi) VALUES (1,'in progress', 9, 913, 102);
INSERT INTO public.values(id, value, createddate, users_id) VALUES (914, '{"visit_time_max":"60"}',  '01/01/2014' , 1 );
INSERT INTO public.contributions(version, status, idfield, idvalue, idpoi) VALUES (1,'in progress', 10, 914, 102);
INSERT INTO public.values(id, value, createddate, users_id) VALUES (915, '{"street":"Boulevard de la Valbarelle"}',  '01/01/2014' , 1 );
INSERT INTO public.contributions(version, status, idfield, idvalue, idpoi) VALUES (1,'in progress', 14, 915, 102);
INSERT INTO public.values(id, value, createddate, users_id) VALUES (916, '{"postal_code":"13011"}',  '01/01/2014' , 1 );
INSERT INTO public.contributions(version, status, idfield, idvalue, idpoi) VALUES (1,'in progress', 15, 916, 102);
INSERT INTO public.values(id, value, createddate, users_id) VALUES (917, '{"desc":"Parcs"}',  '01/01/2014' , 1 );
INSERT INTO public.contributions(version, status, idfield, idvalue, idpoi) VALUES (1,'in progress', 22, 917, 102);
INSERT INTO public.values(id, value, createddate, users_id) VALUES (918, '{"withchild":"1"}',  '01/01/2014' , 1 );
INSERT INTO public.contributions(version, status, idfield, idvalue, idpoi) VALUES (1,'in progress', 28, 918, 102);
INSERT INTO public.pois(id, tour_id, typespois_id) VALUES (103, '103', '1' );
INSERT INTO public.values(id, value, createddate, users_id) VALUES (919, '{"longitude":"5.38205860027983"}',  '01/01/2014' , 1 );
INSERT INTO public.contributions(version, status, idfield, idvalue, idpoi) VALUES (1,'in progress', 1, 919, 103);
INSERT INTO public.values(id, value, createddate, users_id) VALUES (920, '{"latitude":"43.2698319958629"}',  '01/01/2014' , 1 );
INSERT INTO public.contributions(version, status, idfield, idvalue, idpoi) VALUES (1,'in progress', 2, 920, 103);
INSERT INTO public.values(id, value, createddate, users_id) VALUES (921, '{"name":"Parc de Bagatelle"}',  '01/01/2014' , 1 );
INSERT INTO public.contributions(version, status, idfield, idvalue, idpoi) VALUES (1,'in progress', 3, 921, 103);
INSERT INTO public.values(id, value, createddate, users_id) VALUES (922, '{"visit_time_min":"20"}',  '01/01/2014' , 1 );
INSERT INTO public.contributions(version, status, idfield, idvalue, idpoi) VALUES (1,'in progress', 9, 922, 103);
INSERT INTO public.values(id, value, createddate, users_id) VALUES (923, '{"visit_time_max":"60"}',  '01/01/2014' , 1 );
INSERT INTO public.contributions(version, status, idfield, idvalue, idpoi) VALUES (1,'in progress', 10, 923, 103);
INSERT INTO public.values(id, value, createddate, users_id) VALUES (924, '{"street":"RUE DU COMMANDANT ROLLAND"}',  '01/01/2014' , 1 );
INSERT INTO public.contributions(version, status, idfield, idvalue, idpoi) VALUES (1,'in progress', 14, 924, 103);
INSERT INTO public.values(id, value, createddate, users_id) VALUES (925, '{"postal_code":"13008"}',  '01/01/2014' , 1 );
INSERT INTO public.contributions(version, status, idfield, idvalue, idpoi) VALUES (1,'in progress', 15, 925, 103);
INSERT INTO public.values(id, value, createddate, users_id) VALUES (926, '{"desc":"Parcs"}',  '01/01/2014' , 1 );
INSERT INTO public.contributions(version, status, idfield, idvalue, idpoi) VALUES (1,'in progress', 22, 926, 103);
INSERT INTO public.values(id, value, createddate, users_id) VALUES (927, '{"withchild":"1"}',  '01/01/2014' , 1 );
INSERT INTO public.contributions(version, status, idfield, idvalue, idpoi) VALUES (1,'in progress', 28, 927, 103);
INSERT INTO public.pois(id, tour_id, typespois_id) VALUES (104, '104', '1' );
INSERT INTO public.values(id, value, createddate, users_id) VALUES (928, '{"longitude":"5.33401776456725"}',  '01/01/2014' , 1 );
INSERT INTO public.contributions(version, status, idfield, idvalue, idpoi) VALUES (1,'in progress', 1, 928, 104);
INSERT INTO public.values(id, value, createddate, users_id) VALUES (929, '{"latitude":"43.3674407434836"}',  '01/01/2014' , 1 );
INSERT INTO public.contributions(version, status, idfield, idvalue, idpoi) VALUES (1,'in progress', 2, 929, 104);
INSERT INTO public.values(id, value, createddate, users_id) VALUES (930, '{"name":"Parc de la Pelouque"}',  '01/01/2014' , 1 );
INSERT INTO public.contributions(version, status, idfield, idvalue, idpoi) VALUES (1,'in progress', 3, 930, 104);
INSERT INTO public.values(id, value, createddate, users_id) VALUES (931, '{"visit_time_min":"20"}',  '01/01/2014' , 1 );
INSERT INTO public.contributions(version, status, idfield, idvalue, idpoi) VALUES (1,'in progress', 9, 931, 104);
INSERT INTO public.values(id, value, createddate, users_id) VALUES (932, '{"visit_time_max":"60"}',  '01/01/2014' , 1 );
INSERT INTO public.contributions(version, status, idfield, idvalue, idpoi) VALUES (1,'in progress', 10, 932, 104);
INSERT INTO public.values(id, value, createddate, users_id) VALUES (933, '{"street":"Chemin de la Pelouque"}',  '01/01/2014' , 1 );
INSERT INTO public.contributions(version, status, idfield, idvalue, idpoi) VALUES (1,'in progress', 14, 933, 104);
INSERT INTO public.values(id, value, createddate, users_id) VALUES (934, '{"postal_code":"13016"}',  '01/01/2014' , 1 );
INSERT INTO public.contributions(version, status, idfield, idvalue, idpoi) VALUES (1,'in progress', 15, 934, 104);
INSERT INTO public.values(id, value, createddate, users_id) VALUES (935, '{"desc":"Parcs"}',  '01/01/2014' , 1 );
INSERT INTO public.contributions(version, status, idfield, idvalue, idpoi) VALUES (1,'in progress', 22, 935, 104);
INSERT INTO public.values(id, value, createddate, users_id) VALUES (936, '{"withchild":"1"}',  '01/01/2014' , 1 );
INSERT INTO public.contributions(version, status, idfield, idvalue, idpoi) VALUES (1,'in progress', 28, 936, 104);
INSERT INTO public.pois(id, tour_id, typespois_id) VALUES (105, '105', '1' );
INSERT INTO public.values(id, value, createddate, users_id) VALUES (937, '{"longitude":"5.37887657191066"}',  '01/01/2014' , 1 );
INSERT INTO public.contributions(version, status, idfield, idvalue, idpoi) VALUES (1,'in progress', 1, 937, 105);
INSERT INTO public.values(id, value, createddate, users_id) VALUES (938, '{"latitude":"43.3260755351001"}',  '01/01/2014' , 1 );
INSERT INTO public.contributions(version, status, idfield, idvalue, idpoi) VALUES (1,'in progress', 2, 938, 105);
INSERT INTO public.values(id, value, createddate, users_id) VALUES (939, '{"name":"Parc de L\u0027Esp\u00e9rance"}',  '01/01/2014' , 1 );
INSERT INTO public.contributions(version, status, idfield, idvalue, idpoi) VALUES (1,'in progress', 3, 939, 105);
INSERT INTO public.values(id, value, createddate, users_id) VALUES (940, '{"visit_time_min":"20"}',  '01/01/2014' , 1 );
INSERT INTO public.contributions(version, status, idfield, idvalue, idpoi) VALUES (1,'in progress', 9, 940, 105);
INSERT INTO public.values(id, value, createddate, users_id) VALUES (941, '{"visit_time_max":"60"}',  '01/01/2014' , 1 );
INSERT INTO public.contributions(version, status, idfield, idvalue, idpoi) VALUES (1,'in progress', 10, 941, 105);
INSERT INTO public.values(id, value, createddate, users_id) VALUES (942, '{"street":"Boulevard Charles Moretti"}',  '01/01/2014' , 1 );
INSERT INTO public.contributions(version, status, idfield, idvalue, idpoi) VALUES (1,'in progress', 14, 942, 105);
INSERT INTO public.values(id, value, createddate, users_id) VALUES (943, '{"postal_code":"13014"}',  '01/01/2014' , 1 );
INSERT INTO public.contributions(version, status, idfield, idvalue, idpoi) VALUES (1,'in progress', 15, 943, 105);
INSERT INTO public.values(id, value, createddate, users_id) VALUES (944, '{"desc":"Parcs"}',  '01/01/2014' , 1 );
INSERT INTO public.contributions(version, status, idfield, idvalue, idpoi) VALUES (1,'in progress', 22, 944, 105);
INSERT INTO public.values(id, value, createddate, users_id) VALUES (945, '{"withchild":"1"}',  '01/01/2014' , 1 );
INSERT INTO public.contributions(version, status, idfield, idvalue, idpoi) VALUES (1,'in progress', 28, 945, 105);
INSERT INTO public.pois(id, tour_id, typespois_id) VALUES (106, '106', '1' );
INSERT INTO public.values(id, value, createddate, users_id) VALUES (946, '{"longitude":"5.44034360799899"}',  '01/01/2014' , 1 );
INSERT INTO public.contributions(version, status, idfield, idvalue, idpoi) VALUES (1,'in progress', 1, 946, 106);
INSERT INTO public.values(id, value, createddate, users_id) VALUES (947, '{"latitude":"43.274693062856"}',  '01/01/2014' , 1 );
INSERT INTO public.contributions(version, status, idfield, idvalue, idpoi) VALUES (1,'in progress', 2, 947, 106);
INSERT INTO public.values(id, value, createddate, users_id) VALUES (948, '{"name":"Parc des Bruy\u00e8res"}',  '01/01/2014' , 1 );
INSERT INTO public.contributions(version, status, idfield, idvalue, idpoi) VALUES (1,'in progress', 3, 948, 106);
INSERT INTO public.values(id, value, createddate, users_id) VALUES (949, '{"visit_time_min":"20"}',  '01/01/2014' , 1 );
INSERT INTO public.contributions(version, status, idfield, idvalue, idpoi) VALUES (1,'in progress', 9, 949, 106);
INSERT INTO public.values(id, value, createddate, users_id) VALUES (950, '{"visit_time_max":"60"}',  '01/01/2014' , 1 );
INSERT INTO public.contributions(version, status, idfield, idvalue, idpoi) VALUES (1,'in progress', 10, 950, 106);
INSERT INTO public.values(id, value, createddate, users_id) VALUES (951, '{"street":"Chemin des Prud\u0027hommes"}',  '01/01/2014' , 1 );
INSERT INTO public.contributions(version, status, idfield, idvalue, idpoi) VALUES (1,'in progress', 14, 951, 106);
INSERT INTO public.values(id, value, createddate, users_id) VALUES (952, '{"postal_code":"13010"}',  '01/01/2014' , 1 );
INSERT INTO public.contributions(version, status, idfield, idvalue, idpoi) VALUES (1,'in progress', 15, 952, 106);
INSERT INTO public.values(id, value, createddate, users_id) VALUES (953, '{"desc":"Parcs"}',  '01/01/2014' , 1 );
INSERT INTO public.contributions(version, status, idfield, idvalue, idpoi) VALUES (1,'in progress', 22, 953, 106);
INSERT INTO public.values(id, value, createddate, users_id) VALUES (954, '{"withchild":"1"}',  '01/01/2014' , 1 );
INSERT INTO public.contributions(version, status, idfield, idvalue, idpoi) VALUES (1,'in progress', 28, 954, 106);
INSERT INTO public.pois(id, tour_id, typespois_id) VALUES (107, '107', '1' );
INSERT INTO public.values(id, value, createddate, users_id) VALUES (955, '{"longitude":"5.37126572778632"}',  '01/01/2014' , 1 );
INSERT INTO public.contributions(version, status, idfield, idvalue, idpoi) VALUES (1,'in progress', 1, 955, 107);
INSERT INTO public.values(id, value, createddate, users_id) VALUES (956, '{"latitude":"43.3540662706623"}',  '01/01/2014' , 1 );
INSERT INTO public.contributions(version, status, idfield, idvalue, idpoi) VALUES (1,'in progress', 2, 956, 107);
INSERT INTO public.values(id, value, createddate, users_id) VALUES (957, '{"name":"Parc de l\u0027Oasis"}',  '01/01/2014' , 1 );
INSERT INTO public.contributions(version, status, idfield, idvalue, idpoi) VALUES (1,'in progress', 3, 957, 107);
INSERT INTO public.values(id, value, createddate, users_id) VALUES (958, '{"visit_time_min":"20"}',  '01/01/2014' , 1 );
INSERT INTO public.contributions(version, status, idfield, idvalue, idpoi) VALUES (1,'in progress', 9, 958, 107);
INSERT INTO public.values(id, value, createddate, users_id) VALUES (959, '{"visit_time_max":"60"}',  '01/01/2014' , 1 );
INSERT INTO public.contributions(version, status, idfield, idvalue, idpoi) VALUES (1,'in progress', 10, 959, 107);
INSERT INTO public.values(id, value, createddate, users_id) VALUES (960, '{"street":"Chemin de Saint Antoine \u2021 Saint Joseph"}',  '01/01/2014' , 1 );
INSERT INTO public.contributions(version, status, idfield, idvalue, idpoi) VALUES (1,'in progress', 14, 960, 107);
INSERT INTO public.values(id, value, createddate, users_id) VALUES (961, '{"postal_code":"13015"}',  '01/01/2014' , 1 );
INSERT INTO public.contributions(version, status, idfield, idvalue, idpoi) VALUES (1,'in progress', 15, 961, 107);
INSERT INTO public.values(id, value, createddate, users_id) VALUES (962, '{"desc":"Parcs"}',  '01/01/2014' , 1 );
INSERT INTO public.contributions(version, status, idfield, idvalue, idpoi) VALUES (1,'in progress', 22, 962, 107);
INSERT INTO public.values(id, value, createddate, users_id) VALUES (963, '{"withchild":"1"}',  '01/01/2014' , 1 );
INSERT INTO public.contributions(version, status, idfield, idvalue, idpoi) VALUES (1,'in progress', 28, 963, 107);
INSERT INTO public.pois(id, tour_id, typespois_id) VALUES (108, '108', '1' );
INSERT INTO public.values(id, value, createddate, users_id) VALUES (964, '{"longitude":"5.39080148420583"}',  '01/01/2014' , 1 );
INSERT INTO public.contributions(version, status, idfield, idvalue, idpoi) VALUES (1,'in progress', 1, 964, 108);
INSERT INTO public.values(id, value, createddate, users_id) VALUES (965, '{"latitude":"43.2825685599082"}',  '01/01/2014' , 1 );
INSERT INTO public.contributions(version, status, idfield, idvalue, idpoi) VALUES (1,'in progress', 2, 965, 108);
INSERT INTO public.values(id, value, createddate, users_id) VALUES (966, '{"name":"Parc du 26\u00e8me centenaire"}',  '01/01/2014' , 1 );
INSERT INTO public.contributions(version, status, idfield, idvalue, idpoi) VALUES (1,'in progress', 3, 966, 108);
INSERT INTO public.values(id, value, createddate, users_id) VALUES (967, '{"visit_time_min":"30"}',  '01/01/2014' , 1 );
INSERT INTO public.contributions(version, status, idfield, idvalue, idpoi) VALUES (1,'in progress', 9, 967, 108);
INSERT INTO public.values(id, value, createddate, users_id) VALUES (968, '{"visit_time_max":"240"}',  '01/01/2014' , 1 );
INSERT INTO public.contributions(version, status, idfield, idvalue, idpoi) VALUES (1,'in progress', 10, 968, 108);
INSERT INTO public.values(id, value, createddate, users_id) VALUES (969, '{"street":"Place Zino Francescatti"}',  '01/01/2014' , 1 );
INSERT INTO public.contributions(version, status, idfield, idvalue, idpoi) VALUES (1,'in progress', 14, 969, 108);
INSERT INTO public.values(id, value, createddate, users_id) VALUES (970, '{"postal_code":"13010"}',  '01/01/2014' , 1 );
INSERT INTO public.contributions(version, status, idfield, idvalue, idpoi) VALUES (1,'in progress', 15, 970, 108);
INSERT INTO public.values(id, value, createddate, users_id) VALUES (971, '{"desc":"Parcs"}',  '01/01/2014' , 1 );
INSERT INTO public.contributions(version, status, idfield, idvalue, idpoi) VALUES (1,'in progress', 22, 971, 108);
INSERT INTO public.values(id, value, createddate, users_id) VALUES (972, '{"withchild":"1"}',  '01/01/2014' , 1 );
INSERT INTO public.contributions(version, status, idfield, idvalue, idpoi) VALUES (1,'in progress', 28, 972, 108);
INSERT INTO public.pois(id, tour_id, typespois_id) VALUES (109, '109', '1' );
INSERT INTO public.values(id, value, createddate, users_id) VALUES (973, '{"longitude":"5.42090518399982"}',  '01/01/2014' , 1 );
INSERT INTO public.contributions(version, status, idfield, idvalue, idpoi) VALUES (1,'in progress', 1, 973, 109);
INSERT INTO public.values(id, value, createddate, users_id) VALUES (974, '{"latitude":"43.2495728795811"}',  '01/01/2014' , 1 );
INSERT INTO public.contributions(version, status, idfield, idvalue, idpoi) VALUES (1,'in progress', 2, 974, 109);
INSERT INTO public.values(id, value, createddate, users_id) VALUES (975, '{"name":"Parc de la Colline Saint Joseph"}',  '01/01/2014' , 1 );
INSERT INTO public.contributions(version, status, idfield, idvalue, idpoi) VALUES (1,'in progress', 3, 975, 109);
INSERT INTO public.values(id, value, createddate, users_id) VALUES (976, '{"visit_time_min":"20"}',  '01/01/2014' , 1 );
INSERT INTO public.contributions(version, status, idfield, idvalue, idpoi) VALUES (1,'in progress', 9, 976, 109);
INSERT INTO public.values(id, value, createddate, users_id) VALUES (977, '{"visit_time_max":"60"}',  '01/01/2014' , 1 );
INSERT INTO public.contributions(version, status, idfield, idvalue, idpoi) VALUES (1,'in progress', 10, 977, 109);
INSERT INTO public.values(id, value, createddate, users_id) VALUES (978, '{"street":"Boulevard du Redon"}',  '01/01/2014' , 1 );
INSERT INTO public.contributions(version, status, idfield, idvalue, idpoi) VALUES (1,'in progress', 14, 978, 109);
INSERT INTO public.values(id, value, createddate, users_id) VALUES (979, '{"postal_code":"13009"}',  '01/01/2014' , 1 );
INSERT INTO public.contributions(version, status, idfield, idvalue, idpoi) VALUES (1,'in progress', 15, 979, 109);
INSERT INTO public.values(id, value, createddate, users_id) VALUES (980, '{"desc":"Parcs"}',  '01/01/2014' , 1 );
INSERT INTO public.contributions(version, status, idfield, idvalue, idpoi) VALUES (1,'in progress', 22, 980, 109);
INSERT INTO public.values(id, value, createddate, users_id) VALUES (981, '{"withchild":"1"}',  '01/01/2014' , 1 );
INSERT INTO public.contributions(version, status, idfield, idvalue, idpoi) VALUES (1,'in progress', 28, 981, 109);
INSERT INTO public.pois(id, tour_id, typespois_id) VALUES (110, '110', '1' );
INSERT INTO public.values(id, value, createddate, users_id) VALUES (982, '{"longitude":"5.37407259640296"}',  '01/01/2014' , 1 );
INSERT INTO public.contributions(version, status, idfield, idvalue, idpoi) VALUES (1,'in progress', 1, 982, 110);
INSERT INTO public.values(id, value, createddate, users_id) VALUES (983, '{"latitude":"43.2617149668424"}',  '01/01/2014' , 1 );
INSERT INTO public.contributions(version, status, idfield, idvalue, idpoi) VALUES (1,'in progress', 2, 983, 110);
INSERT INTO public.values(id, value, createddate, users_id) VALUES (984, '{"name":"Parc Baln\u00e9aire du Prado"}',  '01/01/2014' , 1 );
INSERT INTO public.contributions(version, status, idfield, idvalue, idpoi) VALUES (1,'in progress', 3, 984, 110);
INSERT INTO public.values(id, value, createddate, users_id) VALUES (985, '{"visit_time_min":"20"}',  '01/01/2014' , 1 );
INSERT INTO public.contributions(version, status, idfield, idvalue, idpoi) VALUES (1,'in progress', 9, 985, 110);
INSERT INTO public.values(id, value, createddate, users_id) VALUES (986, '{"visit_time_max":"60"}',  '01/01/2014' , 1 );
INSERT INTO public.contributions(version, status, idfield, idvalue, idpoi) VALUES (1,'in progress', 10, 986, 110);
INSERT INTO public.values(id, value, createddate, users_id) VALUES (987, '{"street":"Avenue Georges Pompidou"}',  '01/01/2014' , 1 );
INSERT INTO public.contributions(version, status, idfield, idvalue, idpoi) VALUES (1,'in progress', 14, 987, 110);
INSERT INTO public.values(id, value, createddate, users_id) VALUES (988, '{"postal_code":"13008"}',  '01/01/2014' , 1 );
INSERT INTO public.contributions(version, status, idfield, idvalue, idpoi) VALUES (1,'in progress', 15, 988, 110);
INSERT INTO public.values(id, value, createddate, users_id) VALUES (989, '{"desc":"Parcs"}',  '01/01/2014' , 1 );
INSERT INTO public.contributions(version, status, idfield, idvalue, idpoi) VALUES (1,'in progress', 22, 989, 110);
INSERT INTO public.values(id, value, createddate, users_id) VALUES (990, '{"withchild":"1"}',  '01/01/2014' , 1 );
INSERT INTO public.contributions(version, status, idfield, idvalue, idpoi) VALUES (1,'in progress', 28, 990, 110);
